Date,Actual,Logistic_Regression_Prediction,Random_Forest_Prediction,Logistic_Regression_Probability_Up
2012-05-30,0,1,1,0.5227113711454405
2012-05-31,0,1,1,0.5633195130927386
2012-06-01,1,1,1,0.5637580188175665
2012-06-04,0,1,1,0.5357104889198393
2012-06-05,1,1,1,0.5431882068125726
2012-06-06,1,1,1,0.5458329779886553
2012-06-07,1,1,1,0.5748075475740302
2012-06-08,0,1,0,0.5380531706180215
2012-06-11,1,1,1,0.6008684061759255
2012-06-12,0,1,0,0.5568419103750935
2012-06-13,0,1,0,0.5650282612062911
2012-06-14,1,1,1,0.5580827120509501
2012-06-15,1,1,0,0.5542742764434052
2012-06-18,1,1,1,0.5238489633672566
2012-06-19,0,1,0,0.5648946368808928
2012-06-20,0,1,0,0.5827219857253256
2012-06-21,1,1,0,0.5923174386414737
2012-06-22,0,1,0,0.5672985058517468
2012-06-25,1,1,0,0.5833006644581037
2012-06-26,1,1,0,0.5655233708942886
2012-06-27,0,1,0,0.5732209794653401
2012-06-28,1,1,0,0.571873507896225
2012-06-29,1,1,1,0.5613599922290781
2012-07-02,1,1,0,0.5611971710705632
2012-07-03,1,1,0,0.5778799100012784
2012-07-05,0,1,1,0.5666665662348077
2012-07-06,1,1,0,0.5976033527177557
2012-07-09,0,1,0,0.5753085666217583
2012-07-10,0,1,0,0.6217657069651831
2012-07-11,0,1,0,0.5978570656654653
2012-07-12,1,1,0,0.5926434673662557
2012-07-13,1,1,0,0.5910915848950021
2012-07-16,1,1,0,0.5932468112365851
2012-07-17,0,1,0,0.6089483950512411
2012-07-18,1,1,0,0.5988494503872887
2012-07-19,0,1,0,0.593109532676732
2012-07-20,0,1,0,0.6160246204380864
2012-07-23,0,1,0,0.5580810943668782
2012-07-24,0,1,0,0.6052549897782513
2012-07-25,0,1,1,0.5562211192107778
2012-07-26,1,1,0,0.5771824569734758
2012-07-27,1,1,0,0.5372049953846858
2012-07-30,1,1,0,0.5638527954750354
2012-07-31,0,1,0,0.5662303547996722
2012-08-01,1,1,0,0.6079260453130046
2012-08-02,1,1,0,0.5676673202575784
2012-08-03,1,1,0,0.5846372484676832
2012-08-06,0,1,0,0.5787134905980629
2012-08-07,0,1,0,0.5982233769078129
2012-08-08,1,1,0,0.5910812682588619
2012-08-09,1,1,0,0.5871116344591398
2012-08-10,1,1,0,0.5883668876693147
2012-08-13,1,1,0,0.5829426065928056
2012-08-14,0,1,0,0.6042348569401121
2012-08-15,1,1,0,0.6048324287328386
2012-08-16,1,1,0,0.5927529914160589
2012-08-17,1,1,0,0.591123515465062
2012-08-20,0,1,0,0.5803945566459557
2012-08-21,1,1,0,0.6524424783004805
2012-08-22,0,1,0,0.5831342428116014
2012-08-23,1,1,0,0.6318774694794138
2012-08-24,1,1,0,0.6091785618969475
2012-08-27,0,1,0,0.6450966589352801
2012-08-28,0,1,0,0.6317207997354378
2012-08-29,0,1,0,0.6347967094093927
2012-08-30,1,1,0,0.6373712494420207
2012-08-31,1,1,0,0.6242029105678705
2012-09-04,0,1,0,0.5983576860984985
2012-09-05,1,1,0,0.6354241499740808
2012-09-06,1,1,0,0.6145200889440168
2012-09-07,0,1,0,0.618241423656147
2012-09-10,0,1,0,0.650350112584939
2012-09-11,1,1,0,0.6149418936757416
2012-09-12,1,1,0,0.5989165144323603
2012-09-13,1,1,0,0.6021139189965451
2012-09-14,1,1,0,0.619871625265856
2012-09-17,1,1,0,0.6296536646756191
2012-09-18,1,1,0,0.62498836143587
2012-09-19,0,1,0,0.6256274043690013
2012-09-20,1,1,0,0.6280981074867472
2012-09-21,0,1,0,0.6338063426095352
2012-09-24,0,1,0,0.6037586768008688
2012-09-25,0,1,0,0.6404228432140003
2012-09-26,1,1,0,0.6047431407923234
2012-09-27,0,1,0,0.5527357049291035
2012-09-28,0,1,0,0.6251829330722475
2012-10-01,1,1,0,0.6162472737527915
2012-10-02,1,1,0,0.5853617733784163
2012-10-03,0,1,0,0.5735618400699265
2012-10-04,0,1,0,0.5985206728160776
2012-10-05,0,1,0,0.6046270712249836
2012-10-08,0,1,0,0.5817964892878522
2012-10-09,1,1,0,0.5599360441846939
2012-10-10,0,1,0,0.5566777835532626
2012-10-11,1,1,0,0.5970901791628143
2012-10-12,1,1,0,0.5478618383293147
2012-10-15,1,1,0,0.5449942339628289
2012-10-16,0,1,0,0.5171756852660186
2012-10-17,0,1,0,0.571008900333494
2012-10-18,0,1,0,0.5666786602177675
2012-10-19,1,1,0,0.5854041562585788
2012-10-22,0,0,0,0.4791709236147827
2012-10-23,1,1,0,0.5767258011614462
2012-10-24,0,1,0,0.5466408846429863
2012-10-25,0,1,0,0.557857097832348
2012-10-26,0,1,0,0.5360839645085803
2012-10-31,1,1,0,0.5155202830430501
2012-11-01,0,1,0,0.526613569317354
2012-11-02,1,1,0,0.5548694155838905
2012-11-05,0,1,0,0.50954317431866
2012-11-06,0,1,0,0.5336848167974815
2012-11-07,0,1,1,0.5305656262916391
2012-11-08,1,1,1,0.5348044548505486
2012-11-09,0,0,0,0.4597434891852922
2012-11-12,1,1,0,0.5130245638041661
2012-11-13,0,0,0,0.4665900631933823
2012-11-14,0,1,0,0.5025118196732038
2012-11-15,1,1,1,0.50156546724011
2012-11-16,1,0,1,0.4599282476903851
2012-11-19,0,0,0,0.4258638826367884
2012-11-20,1,1,0,0.5312507590458586
2012-11-21,1,1,1,0.5130720297619964
2012-11-23,1,1,0,0.5050394768912618
2012-11-26,0,0,1,0.48954122983064763
2012-11-27,0,1,0,0.5456256818049029
2012-11-28,1,1,1,0.5148287168723107
2012-11-29,0,1,0,0.5474591618746972
2012-11-30,1,1,0,0.5494574940407636
2012-12-03,0,1,0,0.5717826627434877
2012-12-04,0,1,0,0.5583611552992612
2012-12-05,1,1,0,0.5895133095993894
2012-12-06,0,0,0,0.45703045121171854
2012-12-07,0,1,1,0.5658980477511677
2012-12-10,1,0,0,0.4907978631995701
2012-12-11,0,1,0,0.5151774540207003
2012-12-12,0,1,1,0.5434303324764278
2012-12-13,0,1,1,0.5114114031042578
2012-12-14,1,1,1,0.5028105320849932
2012-12-17,1,0,0,0.46792651189911955
2012-12-18,0,0,0,0.48910666799393865
2012-12-19,0,1,1,0.5266618385606853
2012-12-20,0,1,1,0.5329656695129469
2012-12-21,1,0,1,0.48740291887448906
2012-12-24,0,1,1,0.5161428765399472
2012-12-26,1,1,1,0.5267062309771531
2012-12-27,0,1,1,0.5069422266448338
2012-12-28,1,1,1,0.5134807071222808
2012-12-31,1,0,0,0.4601932539755705
2013-01-02,0,1,1,0.5618778905683471
2013-01-03,0,1,1,0.559263426111373
2013-01-04,0,1,0,0.5594803728627257
2013-01-07,1,1,1,0.5257246311603231
2013-01-08,0,1,1,0.5485143964056435
2013-01-09,1,1,1,0.5463228554431527
2013-01-10,0,1,1,0.5530621981727382
2013-01-11,0,1,1,0.5407754900500704
2013-01-14,0,1,1,0.522206259929146
2013-01-15,1,1,1,0.5441397311377933
2013-01-16,0,0,0,0.4927305218483068
2013-01-17,0,1,1,0.5484210343962628
2013-01-18,1,1,1,0.5200782257414639
2013-01-22,1,1,1,0.5266173162482003
2013-01-23,0,1,1,0.5182418140350624
2013-01-24,0,0,1,0.49135901393138365
2013-01-25,1,0,1,0.49846917642123184
2013-01-28,1,0,0,0.4389796059770158
2013-01-29,0,0,1,0.48671015739372897
2013-01-30,0,0,1,0.48510914400336647
2013-01-31,0,0,1,0.4905917948707426
2013-02-01,0,0,1,0.49870231914425484
2013-02-04,1,1,1,0.507348389756689
2013-02-05,0,0,0,0.4458121443102818
2013-02-06,1,0,1,0.4831548672004127
2013-02-07,1,0,1,0.4833148156728079
2013-02-08,1,1,1,0.505852544063223
2013-02-11,0,1,1,0.5040595118885225
2013-02-12,0,1,1,0.5383546229966641
2013-02-13,0,1,1,0.5112481594775132
2013-02-14,0,1,1,0.5090230108669341
2013-02-15,0,1,1,0.5362324267219722
2013-02-19,0,1,1,0.5163710670104786
2013-02-20,0,1,1,0.5305906658472052
2013-02-21,1,1,1,0.5058052065280445
2013-02-22,0,1,1,0.5157496925671479
2013-02-25,1,1,1,0.5428343737772371
2013-02-26,0,1,1,0.5000191401537287
2013-02-27,0,1,1,0.5238792121157092
2013-02-28,0,1,1,0.5203147284263689
2013-03-01,0,1,1,0.5226494137817297
2013-03-04,1,1,1,0.5154499772332161
2013-03-05,0,0,1,0.47427876375036276
2013-03-06,1,1,1,0.5271545000893301
2013-03-07,1,0,1,0.4880512672361507
2013-03-08,1,1,1,0.5046980033794141
2013-03-11,0,0,1,0.4897251015153859
2013-03-12,0,1,1,0.5286584680407833
2013-03-13,1,1,1,0.5114355817826299
2013-03-14,1,1,1,0.5198317764370515
2013-03-15,1,1,1,0.5111025471916966
2013-03-18,0,0,1,0.49333152434040567
2013-03-19,0,1,1,0.552522983587447
2013-03-20,1,1,1,0.5558633539682953
2013-03-21,1,1,1,0.5347036816307923
2013-03-22,1,1,1,0.5308148587226665
2013-03-25,0,1,1,0.5579606554894885
2013-03-26,0,1,1,0.568844857883745
2013-03-27,0,1,1,0.5603289287283927
2013-03-28,0,1,1,0.5596993714634485
2013-04-01,1,1,1,0.5636307548261692
2013-04-02,1,1,1,0.5233602674091489
2013-04-03,0,1,1,0.5336814435038166
2013-04-04,0,1,1,0.547929973252085
2013-04-05,1,1,1,0.5312905647460928
2013-04-08,1,1,1,0.5260679241913162
2013-04-09,1,1,1,0.5272895900259993
2013-04-10,0,1,1,0.5119077545768306
2013-04-11,0,1,1,0.531776753609885
2013-04-12,0,1,1,0.5428716580331266
2013-04-15,1,1,1,0.5410660056647361
2013-04-16,0,1,1,0.516304291890052
2013-04-17,0,1,1,0.5485458347356522
2013-04-18,0,1,1,0.534366516196159
2013-04-19,1,0,0,0.4889439759247963
2013-04-22,1,0,0,0.489843500350208
2013-04-23,0,1,1,0.5079962665433949
2013-04-24,1,0,0,0.47049626283978374
2013-04-25,1,1,1,0.5277654986604383
2013-04-26,1,1,1,0.501896034529382
2013-04-29,1,1,0,0.5066070552316849
2013-04-30,0,1,1,0.5224535414698842
2013-05-01,1,1,1,0.5582584662158542
2013-05-02,1,1,1,0.5407468608581004
2013-05-03,1,1,1,0.5629637583517736
2013-05-06,0,1,1,0.5523392190244454
2013-05-07,1,1,1,0.5831764954050949
2013-05-08,0,1,1,0.5582302189051668
2013-05-09,0,1,1,0.5756775238918937
2013-05-10,1,1,1,0.5790930568615653
2013-05-13,0,1,1,0.5581136387333401
2013-05-14,0,1,1,0.5826511429449607
2013-05-15,1,1,0,0.5688379641604083
2013-05-16,0,1,0,0.5116526979102693
2013-05-17,1,1,1,0.5643700872753084
2013-05-20,0,1,1,0.5181156419792243
2013-05-21,1,1,1,0.5429031397807801
2013-05-22,1,1,1,0.5572474365525478
2013-05-23,1,1,1,0.5291730014856009
2013-05-24,0,1,1,0.5389770432048048
2013-05-28,1,1,1,0.571024524953718
2013-05-29,1,1,1,0.5363933615792397
2013-05-30,0,1,1,0.539366055448539
2013-05-31,1,1,1,0.564390846203211
2013-06-03,0,1,1,0.557117446322011
2013-06-04,0,1,1,0.570381785887525
2013-06-05,0,1,1,0.5576284026301823
2013-06-06,1,1,1,0.5684635294666018
2013-06-07,0,1,1,0.5377182059646632
2013-06-10,0,1,1,0.5663859674852554
2013-06-11,0,1,1,0.5439921625689107
2013-06-12,1,1,1,0.5661348111640173
2013-06-13,0,1,1,0.5394486515168856
2013-06-14,1,1,1,0.5588701207300746
2013-06-17,0,1,1,0.5447314044986488
2013-06-18,0,1,1,0.5454744848056465
2013-06-19,0,1,1,0.5587278095550374
2013-06-20,0,1,1,0.5355041658538688
2013-06-21,0,1,1,0.5402839480257707
2013-06-24,1,1,1,0.5295775265004706
2013-06-25,0,1,1,0.5274497552998917
2013-06-26,0,1,1,0.5308065486758013
2013-06-27,1,1,1,0.5267998209480659
2013-06-28,1,0,1,0.49507995890785617
2013-07-01,1,1,1,0.5032310061795408
2013-07-02,1,1,1,0.5019433817444336
2013-07-03,0,1,1,0.5318214607526546
2013-07-05,0,1,1,0.5355683775850113
2013-07-08,1,1,1,0.539592336347973
2013-07-09,0,1,1,0.5044206072064809
2013-07-10,1,1,1,0.5289450597465929
2013-07-11,0,1,1,0.5271775278829316
2013-07-12,1,1,1,0.5438624306914506
2013-07-15,1,1,1,0.5361729930984113
2013-07-16,1,1,1,0.5359213104384268
2013-07-17,1,1,1,0.5471318330388586
2013-07-18,0,1,1,0.5566373615499617
2013-07-19,1,1,1,0.5670437384400462
2013-07-22,0,1,1,0.5576261152025879
2013-07-23,1,1,1,0.5586175043706355
2013-07-24,0,1,1,0.5545994984482797
2013-07-25,1,1,1,0.5619542556203815
2013-07-26,1,1,1,0.5400560811060698
2013-07-29,1,1,1,0.5403656271775464
2013-07-30,0,1,1,0.5569696688862309
2013-07-31,1,1,1,0.5730511702162074
2013-08-01,1,1,1,0.5694745432894167
2013-08-02,1,1,1,0.5621766919218175
2013-08-05,0,1,1,0.566598151856762
2013-08-06,0,1,1,0.5838363347259996
2013-08-07,0,1,1,0.5744825970006626
2013-08-08,0,1,1,0.5828556584405953
2013-08-09,1,1,1,0.5803624151718135
2013-08-12,1,1,1,0.5473576458768696
2013-08-13,1,1,1,0.532632267121933
2013-08-14,0,1,1,0.5993055042762296
2013-08-15,1,1,1,0.5933062305756227
2013-08-16,1,1,1,0.599036466309409
2013-08-19,0,1,1,0.5960893640789907
2013-08-20,1,1,1,0.6241868465853107
2013-08-21,1,1,1,0.6072307026026312
2013-08-22,0,1,1,0.6090924650444848
2013-08-23,1,1,1,0.6085988272799243
2013-08-26,0,1,1,0.5946070496324376
2013-08-27,1,1,1,0.6101124137284476
2013-08-28,1,1,1,0.5742429004606262
2013-08-29,0,1,1,0.5898028604319215
2013-08-30,1,1,1,0.5967100340997387
2013-09-03,1,1,1,0.5925114797563178
2013-09-04,0,1,1,0.5920966918140296
2013-09-05,1,1,1,0.5969682535535632
2013-09-06,1,1,1,0.5824856619557784
2013-09-09,0,1,1,0.5861345710683653
2013-09-10,0,1,1,0.6029794733301752
2013-09-11,1,1,1,0.5444308073503896
2013-09-12,0,1,1,0.5438659552437057
2013-09-13,0,1,1,0.5609634444455106
2013-09-16,1,1,1,0.562064045208988
2013-09-17,1,1,1,0.5156562810215217
2013-09-18,1,1,1,0.5427315294234664
2013-09-19,0,1,1,0.5465155710124234
2013-09-20,1,1,1,0.5729092752369925
2013-09-23,0,1,1,0.5782366477244167
2013-09-24,0,1,1,0.5749274585734748
2013-09-25,1,1,1,0.5732054576325196
2013-09-26,0,1,1,0.5564992053432691
2013-09-27,0,1,1,0.5557089448075285
2013-09-30,1,1,1,0.5478133535544026
2013-10-01,1,1,1,0.5285025116158538
2013-10-02,0,1,1,0.5465342028247776
2013-10-03,0,1,1,0.5721187348037536
2013-10-04,1,1,1,0.5572780606410882
2013-10-07,0,1,1,0.5543310727880746
2013-10-08,1,1,1,0.5759251232830882
2013-10-09,1,1,1,0.5508124562478903
2013-10-10,1,1,1,0.56528254428193
2013-10-11,1,1,1,0.5422247886485421
2013-10-14,1,1,1,0.544559149538022
2013-10-15,1,1,1,0.5624879394533584
2013-10-16,1,1,1,0.5681585829834295
2013-10-17,1,1,1,0.5574604151214992
2013-10-18,1,1,1,0.5669577432229753
2013-10-21,0,1,1,0.554977638819509
2013-10-22,1,1,1,0.5967728838295145
2013-10-23,1,1,1,0.571899262058954
2013-10-24,0,1,1,0.5730474326750701
2013-10-25,1,1,1,0.6035539483511559
2013-10-28,0,1,1,0.5904125629459579
2013-10-29,1,1,1,0.6298275333697297
2013-10-30,0,1,1,0.5722875115678755
2013-10-31,0,1,1,0.5929438910449321
2013-11-01,1,1,1,0.5940001397450476
2013-11-04,0,1,1,0.5716912644609886
2013-11-05,0,1,1,0.5838997190904333
2013-11-06,0,1,1,0.5907115692941297
2013-11-07,1,1,1,0.5911657665797267
2013-11-08,0,1,1,0.5606062295540086
2013-11-11,1,1,1,0.578334082073943
2013-11-12,1,1,1,0.5688862738075177
2013-11-13,1,1,1,0.5680001690849088
2013-11-14,0,1,1,0.5654290532744057
2013-11-15,0,1,1,0.5826969051797063
2013-11-18,1,1,1,0.5906522352980765
2013-11-19,0,1,1,0.5723668211257161
2013-11-20,1,1,1,0.5811085689598965
2013-11-21,0,1,1,0.5635222236984901
2013-11-22,1,1,0,0.5719145590150203
2013-11-25,1,1,1,0.5673225775990546
2013-11-26,1,1,1,0.5523473167297153
2013-11-27,1,1,1,0.5619715735089252
2013-11-29,0,1,1,0.5783560843042169
2013-12-02,1,1,1,0.6092557619681606
2013-12-03,0,1,1,0.5820211834510226
2013-12-04,1,1,1,0.6036967355777192
2013-12-05,0,1,1,0.6185867425496309
2013-12-06,1,1,1,0.6145557781840636
2013-12-09,0,1,1,0.5878288315526257
2013-12-10,0,1,1,0.5969487586569343
2013-12-11,0,1,1,0.6129249012291731
2013-12-12,0,1,1,0.6027351710560255
2013-12-13,1,1,1,0.6137965933162521
2013-12-16,0,1,1,0.5851317406204593
2013-12-17,0,1,1,0.5909375497620287
2013-12-18,0,1,1,0.5749754970187907
2013-12-19,1,1,1,0.5898212611319883
2013-12-20,1,1,1,0.5672792252580743
2013-12-23,0,1,1,0.5878307802169581
2013-12-24,0,1,1,0.5948541742706589
2013-12-26,0,1,1,0.5954844303488788
2013-12-27,0,1,1,0.5914270937280889
2013-12-30,1,1,1,0.5823240235696753
2013-12-31,0,1,1,0.5597039338118558
2014-01-02,0,1,1,0.580596762358655
2014-01-03,1,1,0,0.5937246582483291
2014-01-06,0,1,1,0.5438621014839784
2014-01-07,1,1,1,0.5745604215243231
2014-01-08,0,1,1,0.5512344128566974
2014-01-09,0,1,1,0.586337431055057
2014-01-10,1,1,1,0.5739985303001439
2014-01-13,1,1,1,0.5362738877952063
2014-01-14,1,1,0,0.5389495708016763
2014-01-15,0,1,1,0.5601670824140098
2014-01-16,0,1,1,0.5705564551234064
2014-01-17,1,1,1,0.5843218369599142
2014-01-21,1,1,1,0.5392908216381775
2014-01-22,1,1,1,0.5622978265664694
2014-01-23,0,1,1,0.5500323123244245
2014-01-24,1,1,1,0.583201772626437
2014-01-27,0,1,1,0.5646045822069166
2014-01-28,0,1,1,0.5227730842796453
2014-01-29,0,1,1,0.5305922009986919
2014-01-30,1,1,1,0.5276570592029687
2014-01-31,1,1,1,0.5039692830957744
2014-02-03,1,1,1,0.5239749184015106
2014-02-04,1,1,0,0.5178955641746253
2014-02-05,0,1,0,0.5083885191423597
2014-02-06,1,1,1,0.5192616404682308
2014-02-07,1,1,1,0.538385524991252
2014-02-10,1,1,0,0.5048794117672685
2014-02-11,0,1,1,0.5288290276517507
2014-02-12,1,1,1,0.5492211897398354
2014-02-13,0,1,0,0.5247608176782846
2014-02-14,1,1,1,0.5523430308691643
2014-02-18,0,1,1,0.5635557213722944
2014-02-19,0,1,1,0.5755790909953503
2014-02-20,0,1,1,0.5572427428406407
2014-02-21,1,1,1,0.5702910289452445
2014-02-24,0,1,1,0.539153008871873
2014-02-25,0,1,1,0.5691415606882391
2014-02-26,1,1,1,0.5664622695347513
2014-02-27,0,1,1,0.5244470001055104
2014-02-28,1,1,1,0.5620749674913303
2014-03-03,1,1,1,0.542668446049502
2014-03-04,1,1,1,0.5583058961220074
2014-03-05,0,1,1,0.5550121773638692
2014-03-06,0,1,1,0.5628100606225059
2014-03-07,1,1,1,0.5590479382616408
2014-03-10,1,1,1,0.5510595746664627
2014-03-11,1,1,1,0.5625323994264242
2014-03-12,0,1,1,0.5604343842202368
2014-03-13,0,1,1,0.5794159977835036
2014-03-14,1,1,1,0.5685023397379454
2014-03-17,1,1,1,0.5647254991815703
2014-03-18,0,1,1,0.548660174376749
2014-03-19,0,1,1,0.5670288212740792
2014-03-20,1,1,1,0.5663225067260301
2014-03-21,1,1,1,0.5630654370714715
2014-03-24,1,1,1,0.5704496337426032
2014-03-25,0,1,1,0.5665322910993084
2014-03-26,0,1,1,0.5891034018381657
2014-03-27,0,1,1,0.5777394412036565
2014-03-28,0,1,1,0.575326712668251
2014-03-31,1,1,1,0.5785102058429504
2014-04-01,1,1,1,0.5637966835117076
2014-04-02,0,1,1,0.5769986269275992
2014-04-03,0,1,1,0.581605293122993
2014-04-04,0,1,1,0.5886514336235426
2014-04-07,0,1,1,0.5711317600609401
2014-04-08,1,1,1,0.5650238818445272
2014-04-09,0,1,1,0.5420377990307204
2014-04-10,0,1,1,0.577695469848852
2014-04-11,1,1,1,0.5516306844821444
2014-04-14,0,1,1,0.5564397662130051
2014-04-15,1,1,1,0.5554875285770009
2014-04-16,1,1,1,0.5484701758858777
2014-04-17,1,1,1,0.5403254107187974
2014-04-21,1,1,1,0.5432240565818158
2014-04-22,0,1,1,0.5508541763121876
2014-04-23,1,1,1,0.5663264215038983
2014-04-24,1,1,1,0.5916974058843566
2014-04-25,1,1,1,0.566645442986986
2014-04-28,0,1,0,0.5377127144081718
2014-04-29,0,1,1,0.6097344550692553
2014-04-30,1,1,1,0.6102368580561645
2014-05-01,1,1,1,0.6084231150463209
2014-05-02,1,1,1,0.6092910074355912
2014-05-05,0,1,1,0.5824255516661708
2014-05-06,0,1,1,0.6298306744973523
2014-05-07,0,1,1,0.6169433537192445
2014-05-08,0,1,0,0.6048508164041835
2014-05-09,1,1,1,0.598966860986465
2014-05-12,1,1,0,0.5917972776336521
2014-05-13,1,1,0,0.6017868272350653
2014-05-14,0,1,0,0.5993609908322072
2014-05-15,1,1,0,0.6127638695051889
2014-05-16,1,1,1,0.5737941126581894
2014-05-19,1,1,0,0.5849763715818603
2014-05-20,1,1,0,0.6042809406751148
2014-05-21,1,1,0,0.5980968971153612
2014-05-22,1,1,0,0.6073308734802288
2014-05-23,1,1,1,0.5928620873787551
2014-05-27,0,1,0,0.594027875103386
2014-05-28,1,1,0,0.6269409264506796
2014-05-29,0,1,0,0.6075242178340854
2014-05-30,0,1,0,0.6368884656725792
2014-06-02,1,1,0,0.6349150236169292
2014-06-03,1,1,0,0.6012643101110013
2014-06-04,1,1,0,0.6100818169001273
2014-06-05,0,1,0,0.6313661749709749
2014-06-06,1,1,0,0.6439589291784767
2014-06-09,1,1,0,0.6163925603541582
2014-06-10,0,1,0,0.6485995740925313
2014-06-11,0,1,0,0.6406135336293639
2014-06-12,0,1,0,0.6552713169428938
2014-06-13,1,1,0,0.634110987557137
2014-06-16,0,1,0,0.6074261420398825
2014-06-17,1,1,0,0.6239189808873198
2014-06-18,0,1,0,0.618973199207303
2014-06-19,0,1,0,0.621696492685796
2014-06-20,0,1,0,0.6208413501933405
2014-06-23,0,1,0,0.613251257254046
2014-06-24,1,1,0,0.6048441626681131
2014-06-25,1,1,0,0.5918712917252253
2014-06-26,1,1,0,0.5854803414195443
2014-06-27,1,1,0,0.5753760678170187
2014-06-30,1,1,0,0.5853789767363026
2014-07-01,0,1,0,0.606374844359514
2014-07-02,1,1,0,0.6128900460764976
2014-07-03,1,1,0,0.6002942632692388
2014-07-07,0,1,0,0.5757265223055219
2014-07-08,1,1,0,0.6248601676443458
2014-07-09,0,1,0,0.6131991555958931
2014-07-10,1,1,0,0.5803204474866057
2014-07-11,1,1,0,0.6152544986270466
2014-07-14,0,1,0,0.6063723223064815
2014-07-15,0,1,0,0.6377849244915044
2014-07-16,0,1,0,0.6471458659650808
2014-07-17,1,1,0,0.629528443891646
2014-07-18,0,1,0,0.58441336135762
2014-07-21,1,1,0,0.6180214280978858
2014-07-22,1,1,0,0.6001982443513907
2014-07-23,0,1,0,0.5712458354708504
2014-07-24,1,1,0,0.6097932299816782
2014-07-25,1,1,0,0.5938453048369052
2014-07-28,0,1,0,0.5909658254530662
2014-07-29,0,1,0,0.6306064263287454
2014-07-30,0,1,0,0.6161689583287373
2014-07-31,1,1,0,0.6210823327435899
2014-08-01,0,1,0,0.569457474222256
2014-08-04,0,1,0,0.608957950561996
2014-08-05,0,1,0,0.5945755045166476
2014-08-06,0,1,0,0.5863111681148904
2014-08-07,1,1,0,0.5921977040418017
2014-08-08,1,1,0,0.5751470970472282
2014-08-11,0,1,0,0.5774468975766358
2014-08-12,1,1,0,0.5906141164795364
2014-08-13,1,1,0,0.573707269528434
2014-08-14,1,1,0,0.5945383520467545
2014-08-15,1,1,0,0.5961585864055865
2014-08-18,1,1,0,0.591497622535898
2014-08-19,1,1,0,0.5894471067355455
2014-08-20,1,1,0,0.6126003619700346
2014-08-21,1,1,0,0.616387449882454
2014-08-22,1,1,0,0.5987021292484285
2014-08-25,0,1,0,0.6277131481585262
2014-08-26,1,1,0,0.6297543720450742
2014-08-27,1,1,0,0.6001905517093574
2014-08-28,1,1,0,0.6119709648079991
2014-08-29,1,1,0,0.6355378553419915
2014-09-02,0,1,0,0.625902609574756
2014-09-03,0,1,0,0.6699632788084295
2014-09-04,1,1,0,0.6064362128360866
2014-09-05,0,1,0,0.5957810618091854
2014-09-08,0,1,0,0.6114184008675548
2014-09-09,1,1,0,0.591861473003162
2014-09-10,1,1,0,0.5368718711139944
2014-09-11,1,1,0,0.5818802031228612
2014-09-12,0,1,0,0.5951580387519626
2014-09-15,0,1,0,0.6257206873289478
2014-09-16,1,1,0,0.5710754240780228
2014-09-17,1,1,0,0.5954256623919365
2014-09-18,0,1,0,0.6069284398398227
2014-09-19,1,1,0,0.6215779909776602
2014-09-22,1,1,0,0.6125811940189996
2014-09-23,0,1,0,0.5630530443456451
2014-09-24,0,1,0,0.6093198530115619
2014-09-25,1,1,0,0.6249444820532287
2014-09-26,0,1,0,0.546526411167244
2014-09-29,1,1,0,0.5564641451401099
2014-09-30,0,1,0,0.5942212104905363
2014-10-01,1,1,0,0.6092255378043018
2014-10-02,0,1,0,0.5712466908803264
2014-10-03,0,1,0,0.5806418426944091
2014-10-06,0,1,0,0.5911277479253697
2014-10-07,1,1,0,0.5910816708798114
2014-10-08,1,1,0,0.5431157862376625
2014-10-09,0,1,0,0.6003740586618411
2014-10-10,0,1,0,0.5867112840358689
2014-10-13,0,1,0,0.6122819511360661
2014-10-14,0,1,0,0.6082979381369924
2014-10-15,0,1,0,0.5706599413357216
2014-10-16,1,1,0,0.5431440586553654
2014-10-17,1,1,0,0.5650392693895023
2014-10-20,1,1,0,0.5503631543474843
2014-10-21,1,1,0,0.6077642956483102
2014-10-22,1,1,0,0.594570600529146
2014-10-23,1,1,0,0.5938465002034183
2014-10-24,0,1,0,0.6114673142892754
2014-10-27,1,1,0,0.6067423226692031
2014-10-28,1,1,0,0.5922396133974029
2014-10-29,0,1,0,0.6104930618693045
2014-10-30,1,1,0,0.6217163043816922
2014-10-31,1,1,0,0.6313825204962302
2014-11-03,0,1,0,0.611367154743574
2014-11-04,1,1,0,0.6465618345145574
2014-11-05,0,1,0,0.640633532551315
2014-11-06,1,1,0,0.632617868380582
2014-11-07,0,1,0,0.6314293105378399
2014-11-10,1,1,0,0.6389402127305552
2014-11-11,1,1,0,0.6175585046058119
2014-11-12,1,1,0,0.604418361461675
2014-11-13,1,1,0,0.6299743600059944
2014-11-14,0,1,0,0.6325873170414466
2014-11-17,1,1,0,0.6519008098853724
2014-11-18,0,1,0,0.6300315608032214
2014-11-19,1,1,0,0.6679715694665681
2014-11-20,1,1,0,0.6344856300690941
2014-11-21,1,1,0,0.6818704219555548
2014-11-24,0,1,0,0.6376425787029282
2014-11-25,1,1,0,0.6908404026570125
2014-11-26,0,1,0,0.6536734724748069
2014-11-28,0,1,0,0.6778703987378706
2014-12-01,0,1,0,0.697535483963302
2014-12-02,1,1,0,0.6170932602652905
2014-12-03,0,1,0,0.6472550963047995
2014-12-04,0,1,0,0.6488201913635907
2014-12-05,0,1,0,0.6589723611320302
2014-12-08,1,1,0,0.6507038491591498
2014-12-09,0,1,0,0.5382754048422761
2014-12-10,0,1,0,0.6580924725968191
2014-12-11,0,1,0,0.6207852015129859
2014-12-12,0,1,0,0.6088189800321353
2014-12-15,0,1,0,0.6265426637142701
2014-12-16,1,1,0,0.561553408758711
2014-12-17,1,1,0,0.5389151852275625
2014-12-18,0,1,0,0.5896007784893116
2014-12-19,1,1,0,0.6076920120720926
2014-12-22,0,1,0,0.589593553383218
2014-12-23,0,1,0,0.6173669870145849
2014-12-24,1,1,0,0.6117765690942598
2014-12-26,0,1,0,0.5654003200892426
2014-12-29,0,1,0,0.6058947481964272
2014-12-30,0,1,0,0.6207551925130662
2014-12-31,0,1,0,0.6326882358851945
2015-01-02,0,1,0,0.6172754444233683
2015-01-05,1,1,0,0.6001796277669652
2015-01-06,1,1,0,0.566904421601957
2015-01-07,1,1,0,0.5621592473130608
2015-01-08,1,1,0,0.5332473565914025
2015-01-09,0,1,0,0.6015727196674004
2015-01-12,1,1,0,0.6362328697726799
2015-01-13,0,1,0,0.5989614570373585
2015-01-14,0,1,0,0.5591980657967529
2015-01-15,0,1,0,0.6183638900244035
2015-01-16,1,1,0,0.5738721992790204
2015-01-20,1,1,0,0.5525780587409955
2015-01-21,1,1,0,0.5610076575408053
2015-01-22,1,1,0,0.5459782201900779
2015-01-23,1,1,0,0.5798852591379032
2015-01-26,0,1,0,0.6097390584558079
2015-01-27,1,1,0,0.6337398056334598
2015-01-28,1,1,0,0.6545851526773232
2015-01-29,0,1,0,0.5689005421945074
2015-01-30,1,1,0,0.6369663537792823
2015-02-02,1,1,0,0.6126094349913459
2015-02-03,1,1,0,0.6260766715852101
2015-02-04,1,1,0,0.6113267326462278
2015-02-05,0,1,0,0.6409501191015361
2015-02-06,1,1,0,0.653586805789884
2015-02-09,1,1,0,0.6151901758907734
2015-02-10,1,1,0,0.6138571747370155
2015-02-11,1,1,0,0.6227386991681205
2015-02-12,1,1,0,0.6644221873452605
2015-02-13,1,1,0,0.6793288790709414
2015-02-17,1,1,0,0.6718040352691006
2015-02-18,0,1,0,0.6631456306339583
2015-02-19,1,1,0,0.6828763533089945
2015-02-20,1,1,0,0.6692565310304064
2015-02-23,0,1,0,0.6411759048817004
2015-02-24,0,1,0,0.7073122258401159
2015-02-25,1,1,0,0.7219170803951542
2015-02-26,0,1,0,0.6487067434932273
2015-02-27,1,1,0,0.7007320454524509
2015-03-02,1,1,0,0.678538508609383
2015-03-03,0,1,0,0.667967563893292
2015-03-04,0,1,0,0.6793738477556434
2015-03-05,1,1,0,0.6904278549094436
2015-03-06,1,1,0,0.6838052073289833
2015-03-09,0,1,0,0.6613625534921221
2015-03-10,0,1,0,0.6666553233221909
2015-03-11,1,1,0,0.6673212207134898
2015-03-12,0,1,0,0.5844577685984309
2015-03-13,1,1,0,0.6367156785096643
2015-03-16,1,1,0,0.6075437803962691
2015-03-17,1,1,0,0.6163082306891557
2015-03-18,0,1,0,0.6109938615124472
2015-03-19,0,1,0,0.6604938415894972
2015-03-20,1,1,0,0.6674181844545971
2015-03-23,0,1,0,0.6335733070010278
2015-03-24,0,1,0,0.641126569247697
2015-03-25,1,1,0,0.6677839273475895
2015-03-26,0,1,0,0.584437194175861
2015-03-27,1,1,0,0.6360138986701367
2015-03-30,0,1,0,0.5767662292481586
2015-03-31,0,1,0,0.6438781752084831
2015-04-01,1,1,0,0.6201731257039869
2015-04-02,1,1,0,0.6094406481730396
2015-04-06,0,1,0,0.5593759480651502
2015-04-07,0,1,0,0.6443877206260771
2015-04-08,1,1,0,0.6155506746537959
2015-04-09,1,1,0,0.599807933544412
2015-04-10,0,1,0,0.5926155404376307
2015-04-13,0,1,0,0.6450823409888187
2015-04-14,1,1,0,0.6265510209712146
2015-04-15,0,1,0,0.6091163282524346
2015-04-16,0,1,0,0.6152144465949141
2015-04-17,1,1,0,0.6182955868176854
2015-04-20,0,1,0,0.5731707366115465
2015-04-21,1,1,0,0.6375780109911892
2015-04-22,1,1,0,0.5866900556882648
2015-04-23,1,1,0,0.597993584001858
2015-04-24,1,1,0,0.6352424837032522
2015-04-27,0,1,0,0.6352502305291715
2015-04-28,0,1,0,0.6967511907123326
2015-04-29,0,1,0,0.6467572791658606
2015-04-30,1,1,0,0.6631676567424841
2015-05-01,0,1,0,0.556639438834411
2015-05-04,0,1,0,0.6356689571243359
2015-05-05,0,1,0,0.648955156641477
2015-05-06,1,1,0,0.628096713055669
2015-05-07,1,1,0,0.5923888132518156
2015-05-08,0,1,0,0.5970341123125338
2015-05-11,0,1,0,0.6269961296488262
2015-05-12,1,1,0,0.596062530879498
2015-05-13,1,1,0,0.6078802871939748
2015-05-14,0,1,0,0.588841293782243
2015-05-15,1,1,0,0.6245566670534076
2015-05-18,0,1,0,0.5864902428997995
2015-05-19,0,1,0,0.6389520440247223
2015-05-20,1,1,0,0.6255779067726697
2015-05-21,1,1,0,0.6066082963948135
2015-05-22,0,1,0,0.6210554417013144
2015-05-26,1,1,0,0.675300765404743
2015-05-27,0,1,0,0.6037540393266699
2015-05-28,0,1,0,0.6411196664694705
2015-05-29,1,1,0,0.6469993578734312
2015-06-01,0,1,0,0.6279216643874304
2015-06-02,1,1,0,0.626717918777526
2015-06-03,0,1,0,0.6418740522986952
2015-06-04,0,1,0,0.6274771032547941
2015-06-05,0,1,0,0.6363848257197426
2015-06-08,0,1,0,0.6321002836343188
2015-06-09,1,1,0,0.5923516617530606
2015-06-10,0,1,0,0.5985098271857352
2015-06-11,0,1,0,0.6251142076326373
2015-06-12,0,1,0,0.6261905758161684
2015-06-15,1,1,0,0.5864683308572374
2015-06-16,0,1,0,0.595468296223816
2015-06-17,1,1,0,0.6138297796110677
2015-06-18,0,1,0,0.5956746212521907
2015-06-19,1,1,0,0.6222582285240608
2015-06-22,0,1,0,0.6068008513052398
2015-06-23,1,1,0,0.6153649294955488
2015-06-24,0,1,0,0.5889074435247986
2015-06-25,0,1,0,0.6348977521726065
2015-06-26,0,1,0,0.6223555833218762
2015-06-29,1,1,0,0.6080728423385044
2015-06-30,1,1,0,0.6006627327447087
2015-07-01,0,1,0,0.611644911497605
2015-07-02,0,1,0,0.6037735592848146
2015-07-06,0,1,0,0.5782510207619158
2015-07-07,0,1,0,0.5996523999847356
2015-07-08,0,1,0,0.6170101325054999
2015-07-09,1,1,0,0.6345454412865357
2015-07-10,1,1,0,0.5556780002707492
2015-07-13,0,1,0,0.58579840839143
2015-07-14,1,1,0,0.6067178322678832
2015-07-15,1,1,0,0.5815025905720519
2015-07-16,1,1,0,0.59881743650676
2015-07-17,1,1,0,0.6087631805201554
2015-07-20,0,1,0,0.6088396815669073
2015-07-21,0,1,0,0.6628916396636215
2015-07-22,0,1,0,0.5159997417434069
2015-07-23,0,1,0,0.6171375866058336
2015-07-24,0,1,0,0.6096003288349775
2015-07-27,1,1,0,0.5902688128567019
2015-07-28,0,1,0,0.590025948947081
2015-07-29,0,1,0,0.5910772231410389
2015-07-30,0,1,0,0.5836544451820999
2015-07-31,0,1,0,0.6018956057146224
2015-08-03,0,1,0,0.610775719686007
2015-08-04,1,1,0,0.5840175275749266
2015-08-05,0,0,0,0.47753289358698947
2015-08-06,1,1,0,0.5549792876731071
2015-08-07,1,1,0,0.5211711674537249
2015-08-10,0,0,0,0.4937762230734986
2015-08-11,1,1,0,0.6069542343287839
2015-08-12,0,0,0,0.4712689326112093
2015-08-13,1,1,0,0.5601329484042966
2015-08-14,1,1,0,0.5105989578104192
2015-08-17,0,1,0,0.5313037920487842
2015-08-18,0,1,0,0.5536166427196766
2015-08-19,0,1,0,0.5708696825874158
2015-08-20,0,1,0,0.564105204866698
2015-08-21,0,1,0,0.5814689336119162
2015-08-24,1,0,0,0.27792447319038993
2015-08-25,1,1,0,0.6323585030120835
2015-08-26,1,0,0,0.46471054446307747
2015-08-27,1,1,0,0.5267020156231567
2015-08-28,0,1,0,0.5222494059100314
2015-08-31,0,1,0,0.5260726035581853
2015-09-01,1,1,0,0.5565473871028048
2015-09-02,0,0,0,0.49715387088939894
2015-09-03,0,1,0,0.5742263615908159
2015-09-04,1,1,0,0.52236981277023
2015-09-08,0,1,0,0.5404355347297799
2015-09-09,1,1,0,0.6105023156167728
2015-09-10,1,1,0,0.5071644551046978
2015-09-11,1,1,0,0.5176757064698033
2015-09-14,1,1,0,0.6044184985149326
2015-09-15,1,1,0,0.5773396840881034
2015-09-16,0,1,0,0.5864650624635673
2015-09-17,0,1,0,0.6059922207079815
2015-09-18,1,1,0,0.5450744339056821
2015-09-21,0,1,0,0.5561119824887614
2015-09-22,1,1,0,0.577158374323437
2015-09-23,1,1,0,0.5718240402442901
2015-09-24,0,1,0,0.5504360861906178
2015-09-25,0,1,0,0.6246129208864969
2015-09-28,0,1,0,0.606481742031312
2015-09-29,1,1,0,0.6267359415903274
2015-09-30,0,1,0,0.5657986259050062
2015-10-01,1,1,0,0.5551472448013797
2015-10-02,1,1,0,0.5182806165705525
2015-10-05,1,1,0,0.5553028795577998
2015-10-06,0,1,0,0.5653477146654926
2015-10-07,0,1,0,0.5961518203067597
2015-10-08,1,1,0,0.5845538708375239
2015-10-09,0,1,0,0.5404604338640547
2015-10-12,1,1,0,0.6095606963702715
2015-10-13,0,1,0,0.5668032607692893
2015-10-14,1,1,0,0.5997221300547364
2015-10-15,0,1,0,0.5719031950658321
2015-10-16,1,1,0,0.6017550060026664
2015-10-19,1,1,0,0.5734525559306759
2015-10-20,0,1,0,0.5487145252107603
2015-10-21,1,1,0,0.6091193667762561
2015-10-22,1,1,0,0.5926518192768297
2015-10-23,0,1,0,0.5830501445866957
2015-10-26,0,1,0,0.6618306518845998
2015-10-27,1,1,0,0.6248717897238804
2015-10-28,1,1,0,0.5861084625251524
2015-10-29,0,1,0,0.6036228517072341
2015-10-30,1,1,0,0.6651021930021672
2015-11-02,1,1,0,0.6387324165660003
2015-11-03,0,1,0,0.6130995759949927
2015-11-04,0,1,0,0.6677613972843287
2015-11-05,1,1,0,0.6569247636851827
2015-11-06,0,1,0,0.6440234757370656
2015-11-09,0,1,0,0.6456903516671115
2015-11-10,0,1,0,0.6158658236948561
2015-11-11,0,1,0,0.6158988199592011
2015-11-12,0,1,0,0.6206421712707186
2015-11-13,1,1,0,0.6394882567740185
2015-11-16,0,1,0,0.5337715796133907
2015-11-17,1,1,0,0.6158228918972904
2015-11-18,1,1,0,0.5765861271305661
2015-11-19,1,1,0,0.5876620310322345
2015-11-20,0,1,0,0.6161396916947368
2015-11-23,1,1,0,0.6349201314012064
2015-11-24,0,1,0,0.579792601848733
2015-11-25,0,1,0,0.6351363387451721
2015-11-27,1,1,0,0.6219747463062633
2015-11-30,0,1,0,0.6054126516381247
2015-12-01,0,1,0,0.6369534562712764
2015-12-02,0,1,0,0.625018585343752
2015-12-03,1,1,0,0.6235342479858852
2015-12-04,0,1,0,0.5359517606534029
2015-12-07,0,1,0,0.6274436522362973
2015-12-08,0,1,0,0.599030337686765
2015-12-09,1,1,0,0.6348874239412947
2015-12-10,0,1,0,0.5989432734283207
2015-12-11,0,1,0,0.6187160635390558
2015-12-14,0,1,0,0.5672393319781566
2015-12-15,1,1,0,0.592680229782133
2015-12-16,0,1,0,0.5602593473234071
2015-12-17,0,1,0,0.6145852590379032
2015-12-18,1,1,0,0.5910633435601007
2015-12-21,0,1,0,0.5457043839631007
2015-12-22,1,1,0,0.5488569898309538
2015-12-23,0,1,0,0.5234915749167421
2015-12-24,0,1,0,0.5685966624680701
2015-12-28,1,1,0,0.5544705327646758
2015-12-29,0,1,0,0.5105301207570366
2015-12-30,0,1,0,0.5692368323021958
2015-12-31,1,1,0,0.5653455503387694
2016-01-04,0,0,0,0.4686184768699102
2016-01-05,0,1,0,0.5796210340542173
2016-01-06,0,1,0,0.5051942558956299
2016-01-07,1,1,0,0.5277323759225473
2016-01-08,1,1,0,0.5264994374871217
2016-01-11,1,1,0,0.514726808061535
2016-01-12,0,1,0,0.5262393035086995
2016-01-13,1,1,0,0.5529759571454623
2016-01-14,0,0,0,0.47076459405575094
2016-01-15,0,0,0,0.4753781617163491
2016-01-19,1,1,0,0.5327753936526972
2016-01-20,0,0,0,0.45599330062590493
2016-01-21,1,1,0,0.5143553768070654
2016-01-22,0,0,0,0.4722721161513422
2016-01-25,1,1,0,0.5649712551012217
2016-01-26,0,1,0,0.5252758800624443
2016-01-27,1,1,0,0.5385561238571919
2016-01-28,1,0,0,0.49401722609967824
2016-01-29,0,0,0,0.46375737447669935
2016-02-01,0,1,0,0.5179910408079413
2016-02-02,1,1,0,0.5264838256404752
2016-02-03,1,0,0,0.4908237975271019
2016-02-04,0,1,0,0.5081936445193644
2016-02-05,1,1,0,0.5595810253988727
2016-02-08,0,0,0,0.47725910687454304
2016-02-09,0,1,0,0.5054525297444908
2016-02-10,0,1,0,0.5538462556202278
2016-02-11,1,1,0,0.5194537104973725
2016-02-12,1,1,0,0.5291496438397562
2016-02-16,1,1,0,0.5061212123700215
2016-02-17,0,1,0,0.5210519595202029
2016-02-18,0,1,0,0.5933076434478003
2016-02-19,1,1,0,0.5448473000095104
2016-02-22,0,1,0,0.5440042712683733
2016-02-23,1,1,0,0.5774827251124623
2016-02-24,1,1,0,0.5052877725530122
2016-02-25,1,1,0,0.5483092332718478
2016-02-26,0,1,0,0.5726566482879821
2016-02-29,1,1,0,0.5706903723870093
2016-03-01,1,1,0,0.5255812860020405
2016-03-02,1,1,0,0.5878115700511941
2016-03-03,1,1,0,0.579149948166137
2016-03-04,0,1,0,0.5917511999751597
2016-03-07,0,1,0,0.6103111389170032
2016-03-08,1,1,0,0.5927402224662655
2016-03-09,1,1,0,0.6053124910710231
2016-03-10,1,1,0,0.6052054124630027
2016-03-11,1,1,0,0.6116621714432542
2016-03-14,1,1,0,0.6009468117799633
2016-03-15,1,1,0,0.6124624266569808
2016-03-16,0,1,0,0.6036521802293813
2016-03-17,1,1,0,0.624506647594282
2016-03-18,0,1,0,0.6392477564223527
2016-03-21,1,1,0,0.627012368776061
2016-03-22,0,1,0,0.6026921243197376
2016-03-23,0,1,0,0.6373982782216207
2016-03-24,0,1,0,0.6224987746805571
2016-03-28,1,1,0,0.6409085085914301
2016-03-29,1,1,0,0.5764534898025839
2016-03-30,0,1,0,0.6282776330858599
2016-03-31,1,1,0,0.6574614368588308
2016-04-01,1,1,0,0.6214985198129325
2016-04-04,0,1,0,0.6361400357371494
2016-04-05,1,1,0,0.6365519918332769
2016-04-06,0,1,0,0.6333766158115955
2016-04-07,1,1,0,0.6570727063642277
2016-04-08,1,1,0,0.6378050300296392
2016-04-11,1,1,0,0.6318951370977088
2016-04-12,1,1,0,0.6174861020230278
2016-04-13,1,1,0,0.622491766860876
2016-04-14,0,1,0,0.6373662428548034
2016-04-15,0,1,0,0.6708434362942368
2016-04-18,0,1,0,0.6413467901027523
2016-04-19,1,1,0,0.6300946923406749
2016-04-20,0,1,0,0.5990625946986051
2016-04-21,0,1,0,0.6213341894034629
2016-04-22,0,1,0,0.5833858582572709
2016-04-25,0,1,0,0.5927973412203054
2016-04-26,0,1,0,0.5774955070117656
2016-04-27,0,0,0,0.49719945614589683
2016-04-28,0,1,0,0.579769326437382
2016-04-29,0,1,0,0.5236932931453745
2016-05-02,1,1,0,0.5258521083929256
2016-05-03,0,1,0,0.504108357627481
2016-05-04,0,1,0,0.5381203192703259
2016-05-05,0,1,0,0.5283776104159398
2016-05-06,1,1,0,0.5215765270908608
2016-05-09,1,1,0,0.5137104125023716
2016-05-10,0,1,0,0.5095976111240028
2016-05-11,0,1,0,0.5287585802638509
2016-05-12,1,1,0,0.5396767584898963
2016-05-13,1,0,0,0.48914952200749884
2016-05-16,0,0,0,0.48737775193778776
2016-05-17,1,1,0,0.5422107684054115
2016-05-18,0,1,0,0.5214140168625062
2016-05-19,1,1,0,0.5390247282635675
2016-05-20,1,1,0,0.5261545303376465
2016-05-23,1,1,0,0.5330771934184968
2016-05-24,1,1,0,0.5419609146278791
2016-05-25,1,1,0,0.5493185503614147
2016-05-26,0,1,0,0.559120929377454
2016-05-27,0,1,0,0.5598028981315255
2016-05-31,0,1,0,0.5702864082497945
2016-06-01,0,1,0,0.5822854588863476
2016-06-02,1,1,0,0.5659260197043807
2016-06-03,1,1,0,0.5708871652520711
2016-06-06,1,1,0,0.5545702630622265
2016-06-07,0,1,0,0.5853814126089476
2016-06-08,1,1,0,0.5820187528389251
2016-06-09,0,1,0,0.5591337470379624
2016-06-10,0,1,0,0.5734614696499394
2016-06-13,1,1,0,0.5952300010070966
2016-06-14,0,1,0,0.5686838262644034
2016-06-15,1,1,0,0.5846124648870993
2016-06-16,0,1,0,0.549596090628
2016-06-17,0,1,0,0.5856743518139378
2016-06-20,1,1,0,0.5797087116684573
2016-06-21,0,1,0,0.5459073437446309
2016-06-22,1,1,0,0.5803083563791843
2016-06-23,0,1,0,0.5687591936008043
2016-06-24,0,1,0,0.5395191491987463
2016-06-27,1,1,0,0.5683714373961326
2016-06-28,1,1,0,0.5453665281171427
2016-06-29,1,1,0,0.5571199836406935
2016-06-30,1,1,0,0.5477892104660651
2016-07-01,0,1,0,0.5675017057000157
2016-07-05,1,1,0,0.5798656269750359
2016-07-06,1,1,0,0.5561837987125093
2016-07-07,1,1,0,0.5754618412968079
2016-07-08,1,1,0,0.5817978766003282
2016-07-11,1,1,0,0.5830287895653486
2016-07-12,0,1,0,0.5867658070330392
2016-07-13,1,1,0,0.5990524692232101
2016-07-14,0,1,0,0.5682735788717205
2016-07-15,1,1,0,0.6030426626986123
2016-07-18,1,1,0,0.5817749667361471
2016-07-19,1,1,0,0.6010168909907896
2016-07-20,0,1,0,0.6081194563778708
2016-07-21,0,1,0,0.6081680777203677
2016-07-22,0,1,0,0.6099607769528996
2016-07-25,0,1,0,0.6056935677122681
2016-07-26,1,1,0,0.5867742787899188
2016-07-27,1,1,0,0.6462835382753741
2016-07-28,0,1,0,0.5910050922991773
2016-07-29,1,1,0,0.6212016592785293
2016-08-01,0,1,0,0.5953686706850275
2016-08-02,1,1,0,0.6482445809694286
2016-08-03,1,1,0,0.6080149283726498
2016-08-04,1,1,0,0.6223100287626381
2016-08-05,1,1,0,0.6107137518767298
2016-08-08,1,1,0,0.6241914120337825
2016-08-09,0,1,0,0.6329922793818447
2016-08-10,0,1,0,0.6524839418615923
2016-08-11,1,1,0,0.6499260567516448
2016-08-12,1,1,0,0.6328643469558597
2016-08-15,0,1,0,0.6176004526859105
2016-08-16,0,1,0,0.6479226447625215
2016-08-17,0,1,0,0.6389885769267969
2016-08-18,1,1,0,0.643912444222467
2016-08-19,0,1,0,0.6270112802281793
2016-08-22,1,1,0,0.639963280119983
2016-08-23,0,1,0,0.6297825529511252
2016-08-24,0,1,0,0.6414372612199964
2016-08-25,0,1,0,0.6225908775758094
2016-08-26,0,1,0,0.6290013088708355
2016-08-29,0,1,0,0.6151107523544999
2016-08-30,1,1,0,0.6090721765182961
2016-08-31,1,1,0,0.6041773347424477
2016-09-01,1,1,0,0.6028723889746518
2016-09-02,0,1,0,0.6183239797823903
2016-09-06,1,1,0,0.6217370115600888
2016-09-07,0,1,0,0.6064884004116059
2016-09-08,0,1,0,0.6311613531876681
2016-09-09,1,1,0,0.6111506326555233
2016-09-12,1,1,0,0.5340962028879606
2016-09-13,1,1,0,0.6009755269543352
2016-09-14,1,1,0,0.5576167099910365
2016-09-15,0,1,0,0.6116692167242239
2016-09-16,0,1,0,0.6431913211934666
2016-09-19,0,1,0,0.6608446986982023
2016-09-20,0,1,0,0.6224750693062788
2016-09-21,1,1,0,0.6380521382933894
2016-09-22,0,1,0,0.6344977614376371
2016-09-23,1,1,0,0.6547394084600053
2016-09-26,1,1,0,0.6024049141626606
2016-09-27,1,1,0,0.6289883669950089
2016-09-28,0,1,0,0.6283598650978297
2016-09-29,1,1,0,0.6378043727778538
2016-09-30,0,1,0,0.6115327095311194
2016-10-03,1,1,0,0.6238643453854489
2016-10-04,1,1,0,0.6186426348881991
2016-10-05,1,1,0,0.6237679464659944
2016-10-06,1,1,0,0.615804162046358
2016-10-07,1,1,0,0.6256894602447421
2016-10-10,1,1,0,0.6072542761402203
2016-10-11,1,1,0,0.6540834303678505
2016-10-12,0,1,0,0.6367443285449075
2016-10-13,1,1,0,0.6300175059676558
2016-10-14,0,1,0,0.6444340433812883
2016-10-17,0,1,0,0.6343149111105165
2016-10-18,0,1,0,0.6524920915141792
2016-10-19,0,1,0,0.6311910443168768
2016-10-20,0,1,0,0.6316671547055657
2016-10-21,1,1,0,0.6386778613450468
2016-10-24,1,1,0,0.6285828883534452
2016-10-25,0,1,0,0.6337888682447289
2016-10-26,0,1,0,0.5906754385964074
2016-10-27,0,1,0,0.6324231523632272
2016-10-28,0,1,0,0.6105532339915022
2016-10-31,0,1,0,0.6102311028688752
2016-11-01,1,1,0,0.6265193468905171
2016-11-02,0,1,0,0.5898922378881111
2016-11-03,0,1,0,0.6024387726120382
2016-11-04,1,1,0,0.5648254277525412
2016-11-07,1,1,0,0.5775360756259769
2016-11-08,0,1,0,0.5672751928771349
2016-11-09,0,1,0,0.5541716830448906
2016-11-10,1,1,0,0.6194496489247482
2016-11-11,0,1,0,0.5368852848423054
2016-11-14,1,1,0,0.5836568408736199
2016-11-15,1,1,0,0.5481736975997173
2016-11-16,0,0,0,0.4981777216715074
2016-11-17,1,1,0,0.5707282208424865
2016-11-18,1,1,0,0.5686567618061386
2016-11-21,1,1,0,0.5492357550535114
2016-11-22,0,1,0,0.5887697711388375
2016-11-23,1,1,0,0.5853189264614019
2016-11-25,0,1,0,0.5757199913093705
2016-11-28,0,1,0,0.5834617948205425
2016-11-29,0,1,0,0.5716767440440096
2016-11-30,0,1,0,0.6040864323463032
2016-12-01,1,1,0,0.5957722496656632
2016-12-02,0,1,0,0.5680565825304418
2016-12-05,1,1,0,0.5958487533403601
2016-12-06,1,1,0,0.5756516763880212
2016-12-07,1,1,0,0.5499257987575116
2016-12-08,1,1,0,0.5679532021314565
2016-12-09,0,1,0,0.569139084591272
2016-12-12,1,1,0,0.5972612134070264
2016-12-13,0,1,0,0.5823598754075581
2016-12-14,1,1,0,0.609793064265219
2016-12-15,1,1,0,0.6077078627926129
2016-12-16,1,1,0,0.6302481140588426
2016-12-19,1,1,0,0.6057939379646863
2016-12-20,1,1,0,0.6239019109652106
2016-12-21,0,1,0,0.6249283825744192
2016-12-22,1,1,0,0.6262869582885371
2016-12-23,1,1,0,0.6090538412999792
2016-12-27,0,1,0,0.6158762799193108
2016-12-28,0,1,0,0.6409905093566498
2016-12-29,0,1,0,0.6236125063283993
2016-12-30,1,1,0,0.6354274696119815
2017-01-03,0,1,0,0.6158335472419936
2017-01-04,1,1,0,0.619634353322424
2017-01-05,1,1,0,0.6113193266252244
2017-01-06,1,1,0,0.6072390554969094
2017-01-09,1,1,0,0.6153393572690447
2017-01-10,1,1,0,0.6307729880237587
2017-01-11,0,1,0,0.6194591068110389
2017-01-12,0,1,0,0.6299964854537722
2017-01-13,1,1,0,0.6382421756853786
2017-01-17,0,1,0,0.6049939777498826
2017-01-18,0,1,0,0.641450431666947
2017-01-19,1,1,0,0.6320557001257566
2017-01-20,1,1,0,0.649549397664184
2017-01-23,0,1,0,0.6390979225428335
2017-01-24,1,1,0,0.6315307445795141
2017-01-25,1,1,0,0.6166904309343193
2017-01-26,1,1,0,0.6416229427872918
2017-01-27,0,1,0,0.6495987405030831
2017-01-30,0,1,0,0.6269812976347727
2017-01-31,1,1,0,0.6348383584309871
2017-02-01,0,1,0,0.6350131870699509
2017-02-02,1,1,0,0.6574130840077103
2017-02-03,1,1,0,0.6570447761326881
2017-02-06,1,1,0,0.6534481970845105
2017-02-07,1,1,0,0.6620583416753109
2017-02-08,1,1,0,0.6715783523230481
2017-02-09,0,1,0,0.6697486093462975
2017-02-10,1,1,0,0.6896299887645085
2017-02-13,1,1,0,0.6843782540699559
2017-02-14,1,1,0,0.6645120296821502
2017-02-15,0,1,0,0.694279053413469
2017-02-16,1,1,0,0.6986509957080024
2017-02-17,1,1,0,0.681987854941806
2017-02-21,1,1,0,0.6875718195981474
2017-02-22,0,1,0,0.6823794040617068
2017-02-23,1,1,0,0.704512889113209
2017-02-24,1,1,0,0.6731121345705908
2017-02-27,1,1,0,0.6911356785701344
2017-02-28,1,1,0,0.6876692240485947
2017-03-01,0,1,0,0.6572980546607039
2017-03-02,1,1,0,0.7103298939647491
2017-03-03,0,1,0,0.6765654645141642
2017-03-06,1,1,0,0.6906726784940287
2017-03-07,0,1,0,0.6806674529748332
2017-03-08,0,1,0,0.6833313923695858
2017-03-09,1,1,0,0.6799205346540433
2017-03-10,1,1,0,0.6844853250330366
2017-03-13,0,1,0,0.6739055799471965
2017-03-14,1,1,0,0.6825995633106318
2017-03-15,1,1,0,0.6599471119961444
2017-03-16,0,1,0,0.6820015317256378
2017-03-17,1,1,0,0.6915343801184287
2017-03-20,0,1,0,0.6595204093783666
2017-03-21,1,1,0,0.7033012777775817
2017-03-22,0,1,0,0.6426338040766789
2017-03-23,0,1,0,0.6760127416100811
2017-03-24,1,1,0,0.6815759784821551
2017-03-27,1,1,0,0.6321591549554212
2017-03-28,1,1,0,0.6160791497852321
2017-03-29,0,1,0,0.6697563342135984
2017-03-30,0,1,0,0.6808792163161567
2017-03-31,1,1,0,0.6732033260283786
2017-04-03,1,1,0,0.6712212492401921
2017-04-04,0,1,0,0.6437228627834566
2017-04-05,0,1,0,0.6700427937711441
2017-04-06,0,1,0,0.6772145379120126
2017-04-07,0,1,0,0.669439120718673
2017-04-10,0,1,0,0.6679541552647121
2017-04-11,1,1,0,0.6664995509214225
2017-04-12,0,1,0,0.6433630164180241
2017-04-13,1,1,0,0.657345526600694
2017-04-17,0,1,0,0.6374838855515907
2017-04-18,0,1,0,0.6418220259632924
2017-04-19,1,1,0,0.6550033080012382
2017-04-20,0,1,0,0.6154842621073848
2017-04-21,1,1,0,0.6432330667558868
2017-04-24,1,1,0,0.6439407976569961
2017-04-25,0,1,0,0.6363751930800667
2017-04-26,1,1,0,0.6586491958220146
2017-04-27,0,1,0,0.6479191776694051
2017-04-28,1,1,0,0.6519459043124916
2017-05-01,1,1,0,0.6264057867672095
2017-05-02,0,1,0,0.6631784296445168
2017-05-03,0,1,0,0.6253170043095658
2017-05-04,1,1,0,0.6572467431832074
2017-05-05,1,1,0,0.6241443823981279
2017-05-08,1,1,0,0.601170895057047
2017-05-09,0,1,0,0.6897278473295629
2017-05-10,1,1,0,0.6931294055357212
2017-05-11,1,1,0,0.6616762383376686
2017-05-12,0,1,0,0.6745349704518432
2017-05-15,0,1,0,0.7029610189397497
2017-05-16,0,1,0,0.7050636277386342
2017-05-17,1,1,0,0.7173635747522614
2017-05-18,1,1,0,0.6537689305849618
2017-05-19,1,1,0,0.6863351147307596
2017-05-22,0,1,0,0.6824331166952828
2017-05-23,0,1,0,0.6994365415460014
2017-05-24,1,1,0,0.6844643403609685
2017-05-25,0,1,0,0.6737567912128888
2017-05-26,1,1,0,0.6800092911514556
2017-05-30,0,1,0,0.6659974990275503
2017-05-31,1,1,0,0.6849155350856404
2017-06-01,1,1,0,0.6656229253767225
2017-06-02,0,1,0,0.6349411112301467
2017-06-05,1,1,0,0.6733579089267312
2017-06-06,1,1,0,0.6552410475224351
2017-06-07,0,1,0,0.6660017861107275
2017-06-08,0,1,0,0.6745173196669737
2017-06-09,0,1,0,0.7270925854742994
2017-06-12,1,1,0,0.6139778284462784
2017-06-13,0,1,0,0.6311990737270116
2017-06-14,0,1,0,0.6525831726330067
2017-06-15,0,1,0,0.5840304349237573
2017-06-16,1,1,0,0.6219253657011767
2017-06-19,0,1,0,0.5564048292963533
2017-06-20,1,1,0,0.6417852856919827
2017-06-21,0,1,0,0.6020475709175358
2017-06-22,1,1,0,0.6075730838324096
2017-06-23,0,1,0,0.5821782435461585
2017-06-26,0,1,0,0.6294608265280396
2017-06-27,1,1,0,0.6167465174518699
2017-06-28,0,1,0,0.5749965752632632
2017-06-29,1,1,0,0.6110106366683868
2017-06-30,0,1,0,0.6092230827028107
2017-07-03,1,1,0,0.6224939884753353
2017-07-05,0,1,0,0.5898848478498034
2017-07-06,1,1,0,0.5995208078993346
2017-07-07,1,1,0,0.5750363629658932
2017-07-10,1,1,0,0.5842154994984581
2017-07-11,1,1,0,0.593616153447251
2017-07-12,1,1,0,0.6143033915044286
2017-07-13,1,1,0,0.5718553254861853
2017-07-14,1,1,0,0.6069934620800869
2017-07-17,1,1,0,0.6155636678179246
2017-07-18,1,1,0,0.620847645995005
2017-07-19,0,1,0,0.6334901212556528
2017-07-20,0,1,0,0.6649727213405805
2017-07-21,1,1,0,0.6371741856693648
2017-07-24,1,1,0,0.6220094729642373
2017-07-25,1,1,0,0.6387177907741105
2017-07-26,0,1,0,0.6640209092621864
2017-07-27,0,1,0,0.693651860916369
2017-07-28,0,1,0,0.651851901410336
2017-07-31,1,1,0,0.6594125790856651
2017-08-01,1,1,0,0.6254926767221004
2017-08-02,0,1,0,0.7148252124402866
2017-08-03,1,1,0,0.6953617214272436
2017-08-04,1,1,0,0.667763688499878
2017-08-07,1,1,0,0.6508084720997799
2017-08-08,1,1,0,0.6574696956700036
2017-08-09,0,1,0,0.6603169865268199
2017-08-10,1,1,0,0.7366318365704685
2017-08-11,1,1,0,0.6595919745649429
2017-08-14,1,1,0,0.6812963240061222
2017-08-15,0,1,0,0.6802618512395465
2017-08-16,0,1,0,0.7108058934270122
2017-08-17,0,1,0,0.7234737321428348
2017-08-18,0,1,0,0.681505792205808
2017-08-21,1,1,0,0.6774254661132413
2017-08-22,1,1,0,0.6556092801333218
2017-08-23,0,1,0,0.6669785483050212
2017-08-24,1,1,0,0.6994258902854036
2017-08-25,1,1,0,0.6777184393734685
2017-08-28,1,1,0,0.6604034599634188
2017-08-29,1,1,0,0.6329844143779808
2017-08-30,1,1,0,0.7032000141266276
2017-08-31,1,1,0,0.691022995242694
2017-09-01,0,1,0,0.709619016714058
2017-09-05,0,1,0,0.7082537493068902
2017-09-06,0,1,0,0.6955596028445583
2017-09-07,0,1,0,0.6936412664466471
2017-09-08,1,1,0,0.7032117089561553
2017-09-11,0,1,0,0.6590657996967998
2017-09-12,0,1,0,0.6953525591775556
2017-09-13,0,1,0,0.66789780192658
2017-09-14,1,1,0,0.6704564964556032
2017-09-15,0,1,0,0.6304241641721738
2017-09-18,1,1,0,0.6781485473190427
2017-09-19,0,1,0,0.6671328765291672
2017-09-20,0,1,0,0.6612119481225154
2017-09-21,0,1,0,0.6622533378032657
2017-09-22,0,1,0,0.6017139848036488
2017-09-25,1,1,0,0.586254678227291
2017-09-26,1,1,0,0.5857090534067922
2017-09-27,0,1,0,0.612175187926516
2017-09-28,1,1,0,0.6257931788793807
2017-09-29,0,1,0,0.5966645737954475
2017-10-02,1,1,0,0.6233758589328119
2017-10-03,0,1,0,0.6096906980304336
2017-10-04,1,1,0,0.6154171591706773
2017-10-05,0,1,0,0.5995441740106657
2017-10-06,1,1,0,0.6184637377850234
2017-10-09,1,1,0,0.6282001591842326
2017-10-10,1,1,0,0.628242603655008
2017-10-11,0,1,0,0.6223272089797054
2017-10-12,1,1,0,0.6378831853487994
2017-10-13,1,1,0,0.6349818873683077
2017-10-16,1,1,0,0.6116195710456973
2017-10-17,0,1,0,0.6427642067831324
2017-10-18,0,1,0,0.6679036046695928
2017-10-19,1,1,0,0.6447100623489774
2017-10-20,0,1,0,0.6428077639324825
2017-10-23,1,1,0,0.6477385438974671
2017-10-24,0,1,0,0.6260379661538199
2017-10-25,1,1,0,0.6444106937463073
2017-10-26,1,1,0,0.6410733853000088
2017-10-27,1,1,0,0.5860705871774772
2017-10-30,1,1,0,0.6253383064712488
2017-10-31,0,1,0,0.6733918731072105
2017-11-01,1,1,0,0.7313931374483245
2017-11-02,1,1,0,0.6598813006894745
2017-11-03,1,1,0,0.7365170550107991
2017-11-06,1,1,0,0.6840826297985216
2017-11-07,1,1,0,0.709115011456925
2017-11-08,0,1,0,0.7048974408846738
2017-11-09,0,1,0,0.7152858886431063
2017-11-10,0,1,0,0.7350794871672665
2017-11-13,0,1,0,0.7163622234059099
2017-11-14,0,1,0,0.7366923323270574
2017-11-15,1,1,0,0.7129981090815727
2017-11-16,0,1,0,0.7097692128679566
2017-11-17,0,1,0,0.7151901815219615
2017-11-20,1,1,0,0.7037342404066106
2017-11-21,1,1,0,0.6625626908402988
2017-11-22,1,1,0,0.68505767830622
2017-11-24,0,1,0,0.7155038883783161
2017-11-27,0,1,0,0.7213970733579353
2017-11-28,0,1,0,0.7170932824154772
2017-11-29,1,1,0,0.7249525278386644
2017-11-30,0,1,0,0.659507579383827
2017-12-01,0,1,0,0.6598913332628991
2017-12-04,0,1,0,0.7233966003274233
2017-12-05,0,1,0,0.6619310643139154
2017-12-06,1,1,0,0.6368228908600175
2017-12-07,1,1,0,0.6665832557978447
2017-12-08,1,1,0,0.6897608608027933
2017-12-11,0,1,0,0.6099327920450601
2017-12-12,1,1,0,0.6869304013237685
2017-12-13,0,1,0,0.6830114899308224
2017-12-14,1,1,0,0.6804080668957355
2017-12-15,1,1,0,0.6775020649249579
2017-12-18,0,1,0,0.6653287641387414
2017-12-19,0,1,0,0.6944753536451509
2017-12-20,1,1,0,0.6921614720624542
2017-12-21,0,1,0,0.6706331530411269
2017-12-22,0,1,0,0.6824985481625131
2017-12-26,1,1,0,0.6635422395006241
2017-12-27,1,1,0,0.6540057695806742
2017-12-28,0,1,0,0.6630469660384757
2017-12-29,1,1,0,0.6771479743442348
2018-01-02,0,1,0,0.6213408030053623
2018-01-03,1,1,0,0.6660000780894583
2018-01-04,1,1,0,0.6563977648726486
2018-01-05,0,1,0,0.6410372350708252
2018-01-08,0,1,0,0.6664116990507375
2018-01-09,0,1,0,0.6683053623866261
2018-01-10,1,1,0,0.6429970928991459
2018-01-11,1,1,0,0.6583229190859222
2018-01-12,0,1,0,0.6610541172577532
2018-01-16,1,1,0,0.7010743681250589
2018-01-17,1,1,0,0.6259790085902338
2018-01-18,0,1,0,0.6920139380954398
2018-01-19,0,1,0,0.6879855529242802
2018-01-22,1,1,0,0.6864882157531391
2018-01-23,0,1,0,0.6826280081823771
2018-01-24,0,1,0,0.7142397245864722
2018-01-25,1,1,0,0.7061039748018454
2018-01-26,0,1,0,0.6604851483683286
2018-01-29,0,1,0,0.669026133140712
2018-01-30,1,1,0,0.5920905763497704
2018-01-31,1,1,0,0.6145165660132457
2018-02-01,0,1,0,0.6126753334161947
2018-02-02,0,1,0,0.675992778787225
2018-02-05,1,1,0,0.5960842609081207
2018-02-06,0,0,0,0.39837287953152095
2018-02-07,0,1,0,0.6379131190443175
2018-02-08,1,1,0,0.6421080140359745
2018-02-09,1,1,0,0.5538957857149389
2018-02-12,1,0,0,0.4897807179063174
2018-02-13,1,1,0,0.5460224674442697
2018-02-14,1,1,0,0.5175865905430626
2018-02-15,0,1,0,0.5756853623411924
2018-02-16,0,1,0,0.6401844545328655
2018-02-20,0,1,0,0.6465718064984697
2018-02-21,1,1,0,0.6739106829153052
2018-02-22,1,1,0,0.6390847014418938
2018-02-23,1,1,0,0.6368126769475563
2018-02-26,0,1,0,0.6393426254574276
2018-02-27,0,1,0,0.7022688618675474
2018-02-28,0,1,0,0.7102311568758385
2018-03-01,1,1,0,0.7272362491043127
2018-03-02,1,1,0,0.611775021685464
2018-03-05,0,1,0,0.6530421929288031
2018-03-06,0,1,0,0.7081183969917324
2018-03-07,1,1,0,0.6765169952982908
2018-03-08,1,1,0,0.6598391490443485
2018-03-09,1,1,0,0.6617313120014948
2018-03-12,0,1,0,0.6800746795156831
2018-03-13,0,1,0,0.7370620765541314
2018-03-14,1,1,0,0.7196416677871937
2018-03-15,0,1,0,0.6854025192668887
2018-03-16,0,1,0,0.697310440269922
2018-03-19,0,1,0,0.7031284158305978
2018-03-20,0,1,0,0.6712213592895904
2018-03-21,0,1,0,0.7137088681577825
2018-03-22,0,1,0,0.6527767859903462
2018-03-23,1,1,0,0.6735904111856
2018-03-26,0,1,0,0.5465212305708282
2018-03-27,0,1,0,0.7123560002829781
2018-03-28,1,1,0,0.6253369642354459
2018-03-29,0,1,0,0.6177297740328138
2018-04-02,1,1,0,0.6095462571870446
2018-04-03,1,1,0,0.6074098160357649
2018-04-04,1,0,0,0.4876634999901503
2018-04-05,0,1,0,0.6459361540559179
2018-04-06,1,1,0,0.6709036802637959
2018-04-09,1,1,0,0.6335550104907615
2018-04-10,0,1,0,0.6510705266629274
2018-04-11,1,1,0,0.6478539317471503
2018-04-12,1,1,0,0.6492390747147617
2018-04-13,1,1,0,0.668033655771964
2018-04-16,1,1,0,0.6597591129025953
2018-04-17,0,1,0,0.6510365009902666
2018-04-18,0,1,0,0.6821756396230347
2018-04-19,0,1,0,0.6702398301801249
2018-04-20,0,1,0,0.6995076388093584
2018-04-23,0,1,0,0.6449013702342796
2018-04-24,1,1,0,0.6476002208347125
2018-04-25,1,1,0,0.5804785498820251
2018-04-26,0,1,0,0.6031146455030342
2018-04-27,1,1,0,0.6223825675713845
2018-04-30,1,1,0,0.5325007470173789
2018-05-01,1,1,0,0.5655808015506062
2018-05-02,1,1,0,0.6323110366074035
2018-05-03,1,1,0,0.639622709497845
2018-05-04,1,1,0,0.5765366090044338
2018-05-07,1,1,0,0.7025183772990037
2018-05-08,1,1,0,0.6907333514277338
2018-05-09,1,1,0,0.7056125316254998
2018-05-10,0,1,0,0.693379705528515
2018-05-11,0,1,0,0.7443625780905054
2018-05-14,0,1,0,0.7470962657365033
2018-05-15,1,1,0,0.7314183219893734
2018-05-16,0,1,0,0.6968394477404238
2018-05-17,0,1,0,0.7450975113998727
2018-05-18,1,1,0,0.7417675281992586
2018-05-21,0,1,0,0.7364761790379696
2018-05-22,1,1,0,0.7467587657702562
2018-05-23,0,1,0,0.6924272282828354
2018-05-24,1,1,0,0.7344134018891195
2018-05-25,0,1,0,0.7193065556356585
2018-05-29,0,1,0,0.714071002771987
2018-05-30,0,1,0,0.7214158451473585
2018-05-31,1,1,0,0.7170528848470289
2018-06-01,1,1,0,0.6852771305153154
2018-06-04,1,1,0,0.7297695161987662
2018-06-05,1,1,0,0.7353088316969846
2018-06-06,0,1,0,0.7334026477155154
2018-06-07,0,1,0,0.7473895003343773
2018-06-08,0,1,0,0.7162457653441394
2018-06-11,1,1,0,0.7258249406260056
2018-06-12,0,1,0,0.7125957195777963
2018-06-13,1,1,0,0.7449479208340926
2018-06-14,0,1,0,0.7317043562535882
2018-06-15,0,1,0,0.7252143121199365
2018-06-18,0,1,0,0.6881859038676775
2018-06-19,1,1,0,0.6714617805491745
2018-06-20,0,1,0,0.6868421729100663
2018-06-21,0,1,0,0.7081525133167254
2018-06-22,0,1,0,0.6977790526944297
2018-06-25,1,1,0,0.6746462230785639
2018-06-26,0,1,0,0.6347195768909927
2018-06-27,1,1,0,0.6812125644068324
2018-06-28,0,1,0,0.6418303333347964
2018-06-29,1,1,0,0.6826485669209386
2018-07-02,0,1,0,0.6036708753826403
2018-07-03,1,1,0,0.721506063094172
2018-07-05,1,1,0,0.6604158440343358
2018-07-06,1,1,0,0.6217353664683424
2018-07-09,0,1,0,0.6676134876750824
2018-07-10,0,1,0,0.6930200993335142
2018-07-11,1,1,0,0.6808519670393235
2018-07-12,1,1,0,0.6577646297268106
2018-07-13,0,1,0,0.6848921953238056
2018-07-16,1,1,0,0.6952386712035423
2018-07-17,0,1,0,0.6530911871068501
2018-07-18,1,1,0,0.7080965829012981
2018-07-19,0,1,0,0.6463472036998394
2018-07-20,1,1,0,0.693509831953313
2018-07-23,1,1,0,0.6699588271294197
2018-07-24,1,1,0,0.6865612549341144
2018-07-25,0,1,0,0.6706646978288386
2018-07-26,0,1,0,0.7057414701077397
2018-07-27,0,1,0,0.7446345285897824
2018-07-30,1,1,0,0.71030215640328
2018-07-31,1,1,0,0.6761616841258722
2018-08-01,1,1,0,0.6824046198095007
2018-08-02,1,1,0,0.6113830305193557
2018-08-03,1,1,0,0.7353155004605667
2018-08-06,0,1,0,0.7408132299308857
2018-08-07,1,1,0,0.7821431751440975
2018-08-08,1,1,0,0.7274643301127073
2018-08-09,0,1,0,0.7663795914938933
2018-08-10,1,1,0,0.7473122027369034
2018-08-13,1,1,0,0.7623450387675798
2018-08-14,1,1,0,0.7680895214162355
2018-08-15,1,1,0,0.7456789543809896
2018-08-16,1,1,0,0.749296945914052
2018-08-17,0,1,0,0.7164811704726708
2018-08-20,0,1,0,0.8106068418364855
2018-08-21,1,1,0,0.7975016567809581
2018-08-22,1,1,0,0.7566541605889175
2018-08-23,1,1,0,0.758333129072444
2018-08-24,1,1,0,0.7804710730031013
2018-08-27,1,1,0,0.7659383533921242
2018-08-28,1,1,0,0.7736617097588128
2018-08-29,1,1,0,0.7481870291651082
2018-08-30,1,1,0,0.7673545247695599
2018-08-31,1,1,0,0.7911194267658579
2018-09-04,0,1,0,0.8081854753274987
2018-09-05,0,1,0,0.8236584917312516
2018-09-06,0,1,0,0.8186641550791406
2018-09-07,0,1,0,0.7768435305985549
2018-09-10,1,1,0,0.7919522710934722
2018-09-11,0,1,0,0.6670676151075811
2018-09-12,1,1,0,0.8133656288478308
2018-09-13,0,1,0,0.729124328370216
2018-09-14,0,1,0,0.791332871055161
2018-09-17,1,1,0,0.7959021532209992
2018-09-18,1,1,0,0.7235219107091884
2018-09-19,1,1,0,0.73069636449509
2018-09-20,0,1,0,0.7387268775303992
2018-09-21,1,1,0,0.7677104303020841
2018-09-24,1,1,0,0.6576880544012014
2018-09-25,0,1,0,0.6928864698060663
2018-09-26,1,1,0,0.7329074013877641
2018-09-27,1,1,0,0.7245440955805826
2018-09-28,1,1,0,0.7304653225853468
2018-10-01,1,1,0,0.7595455039414117
2018-10-02,1,1,0,0.7213684607691246
2018-10-03,0,1,0,0.7315785919478087
2018-10-04,0,1,0,0.7840133004427713
2018-10-05,0,1,0,0.7781151190849108
2018-10-08,1,1,0,0.6948256189303188
2018-10-09,0,1,0,0.6762964295729933
2018-10-10,0,1,0,0.8126528966741612
2018-10-11,1,1,0,0.6655499431243785
2018-10-12,0,1,0,0.6728968556530661
2018-10-15,1,1,0,0.7458256931772221
2018-10-16,0,1,0,0.6352951745515371
2018-10-17,0,1,0,0.7142862637129215
2018-10-18,1,1,0,0.6904835522631757
2018-10-19,1,1,0,0.6564021847143149
2018-10-22,1,1,0,0.6663550637280209
2018-10-23,0,1,0,0.5382864189870684
2018-10-24,1,1,0,0.7692493625947306
2018-10-25,0,1,0,0.6366519705323858
2018-10-26,0,1,0,0.6399876676517128
2018-10-29,1,1,0,0.7417446741481021
2018-10-30,1,1,0,0.5964460025781947
2018-10-31,1,1,0,0.6358005359631339
2018-11-01,0,1,0,0.623047089369768
2018-11-02,0,1,0,0.6373691256734267
2018-11-05,1,1,0,0.628939276206583
2018-11-06,1,1,0,0.5572687824740389
2018-11-07,0,1,0,0.538496366915546
2018-11-08,0,1,0,0.6479043055097883
2018-11-09,0,1,0,0.6180010831208995
2018-11-12,0,1,0,0.6328455082656228
2018-11-13,0,1,0,0.5154441351581234
2018-11-14,1,1,0,0.6378249186505253
2018-11-15,1,0,0,0.461187923802264
2018-11-16,0,0,0,0.4715289042929414
2018-11-19,0,1,0,0.5808073056580773
2018-11-20,0,0,0,0.4735886247193811
2018-11-21,0,1,0,0.5185892599060722
2018-11-23,1,0,0,0.48465969090191113
2018-11-26,0,0,0,0.43560696172654345
2018-11-27,1,0,0,0.3884925400166576
2018-11-28,0,0,0,0.3914390203926
2018-11-29,0,1,0,0.5458579051198491
2018-11-30,1,1,0,0.5209980809658877
2018-12-03,0,1,0,0.5170570077392372
2018-12-04,0,1,0,0.5619437440258948
2018-12-06,0,0,0,0.41154734206517324
2018-12-07,1,1,0,0.5481609472224743
2018-12-10,0,0,0,0.3599021350610988
2018-12-11,1,1,0,0.528912252669687
2018-12-12,1,1,0,0.508500317556143
2018-12-13,0,0,0,0.4858785174483626
2018-12-14,0,1,0,0.5408368953454532
2018-12-17,1,0,0,0.491671171807968
2018-12-18,0,0,0,0.46921779046282247
2018-12-19,0,1,0,0.5504112845482851
2018-12-20,0,1,0,0.5060770066541155
2018-12-21,0,1,0,0.5261929267151545
2018-12-24,1,0,0,0.41753722574879304
2018-12-26,0,0,0,0.2668476159236464
2018-12-27,1,0,0,0.4364974877953024
2018-12-28,1,0,0,0.4861751760883594
2018-12-31,1,0,0,0.49416963791050267
2019-01-02,0,0,0,0.4131471489538433
2019-01-03,1,0,0,0.42656178694849
2019-01-04,0,0,0,0.36185014097637697
2019-01-07,1,0,0,0.4623319595110297
2019-01-08,1,0,0,0.4445229116733974
2019-01-09,1,0,0,0.4442393190022444
2019-01-10,0,0,0,0.473394908838575
2019-01-11,0,1,0,0.5143276008566694
2019-01-14,1,1,0,0.514127502334966
2019-01-15,1,0,0,0.45869525561960195
2019-01-16,1,0,0,0.4953100919831051
2019-01-17,1,1,0,0.5088319605992594
2019-01-18,0,1,0,0.5784337288823772
2019-01-22,1,1,0,0.6081853037399596
2019-01-23,0,1,0,0.5620672089655618
2019-01-24,1,1,0,0.5881427326922313
2019-01-25,0,1,0,0.5439093264633289
2019-01-28,0,1,0,0.5780053692569228
2019-01-29,1,1,0,0.6125998165814548
2019-01-30,1,1,0,0.5979106858444903
2019-01-31,1,1,0,0.6412141258755336
2019-02-01,1,1,0,0.6677878484509668
2019-02-04,1,1,0,0.6081301318036345
2019-02-05,1,1,0,0.6784444880880669
2019-02-06,0,1,0,0.7118898437771699
2019-02-07,0,1,0,0.7137524420548504
2019-02-08,0,1,0,0.6646132563561387
2019-02-11,1,1,0,0.718824996923935
2019-02-12,0,1,0,0.6872843166409501
2019-02-13,1,1,0,0.7169460315628499
2019-02-14,0,1,0,0.6804331397111367
2019-02-15,1,1,0,0.7141898884976907
2019-02-19,1,1,0,0.6795221265606642
2019-02-20,0,1,0,0.688861118526036
2019-02-21,1,1,0,0.7110836476003944
2019-02-22,1,1,0,0.6820041525866238
2019-02-25,1,1,0,0.7099365994447353
2019-02-26,1,1,0,0.6985767637671735
2019-02-27,0,1,0,0.6803086336788803
2019-02-28,1,1,0,0.7267895455671758
2019-03-01,1,1,0,0.702699737773921
2019-03-04,0,1,0,0.7118424944366782
2019-03-05,0,1,0,0.7255715322689374
2019-03-06,0,1,0,0.715120817850936
2019-03-07,1,1,0,0.7228853648398514
2019-03-08,1,1,0,0.6478212372576547
2019-03-11,1,1,0,0.6603704930535034
2019-03-12,1,1,0,0.7139574672417734
2019-03-13,1,1,0,0.7426667113074452
2019-03-14,1,1,0,0.7463534212354951
2019-03-15,1,1,0,0.7256390585441066
2019-03-18,0,1,0,0.7176419409451105
2019-03-19,1,1,0,0.7727090939505824
2019-03-20,1,1,0,0.7138603486729433
2019-03-21,0,1,0,0.6835785189894586
2019-03-22,0,1,0,0.811562982761375
2019-03-25,0,1,0,0.7838182473303332
2019-03-26,1,1,0,0.7990981383440969
2019-03-27,1,1,0,0.7458496958839212
2019-03-28,1,1,0,0.7453756487531538
2019-03-29,1,1,0,0.7426611919672872
2019-04-01,1,1,0,0.7493695538070245
2019-04-02,1,1,0,0.7017480453004973
2019-04-03,1,1,0,0.7183343435706872
2019-04-04,1,1,0,0.735872455558969
2019-04-05,1,1,0,0.7481391775453345
2019-04-08,0,1,0,0.6995602651142646
2019-04-09,1,1,0,0.7694950078914822
2019-04-10,0,1,0,0.7297559315222278
2019-04-11,0,1,0,0.7818121657958785
2019-04-12,1,1,0,0.7536181166561214
2019-04-15,1,1,0,0.7431799675953302
2019-04-16,1,1,0,0.752478969823011
2019-04-17,1,1,0,0.6988621146867849
2019-04-18,1,1,0,0.7566498830683447
2019-04-22,1,1,0,0.7400698097927341
2019-04-23,0,1,0,0.7246392346306142
2019-04-24,0,1,0,0.7777111351252154
2019-04-25,0,1,0,0.7844945054121731
2019-04-26,1,1,0,0.7634970117319706
2019-04-29,0,1,0,0.7511491434732422
2019-04-30,1,1,0,0.766425692891699
2019-05-01,0,1,0,0.7557433195499258
2019-05-02,1,1,0,0.7686871743501852
2019-05-03,0,1,0,0.7594992020515118
2019-05-06,0,1,0,0.6714980586305543
2019-05-07,1,1,0,0.7650034575055277
2019-05-08,0,1,0,0.7033256624452605
2019-05-09,0,1,0,0.6975685548604739
2019-05-10,0,1,0,0.6848319431705402
2019-05-13,1,1,0,0.6522590208937348
2019-05-14,1,1,0,0.5920311615474626
2019-05-15,0,1,0,0.5431562686817489
2019-05-16,0,1,0,0.632152622755908
2019-05-17,0,1,0,0.5805901501591944
2019-05-20,1,1,0,0.5946158151576417
2019-05-21,0,1,0,0.5787364891375533
2019-05-22,0,1,0,0.6202875905775733
2019-05-23,0,1,0,0.5663270371761748
2019-05-24,0,1,0,0.5837872633059936
2019-05-28,0,1,0,0.5717253245009465
2019-05-29,1,1,0,0.5303726739555268
2019-05-30,0,1,0,0.5545734564520288
2019-05-31,0,1,0,0.5662314176952523
2019-06-03,1,1,0,0.5707666465084006
2019-06-04,1,0,0,0.47823611090457835
2019-06-05,1,1,0,0.6232034528604848
2019-06-06,1,1,0,0.5595703953868504
2019-06-07,1,1,0,0.5488577538166336
2019-06-10,1,1,0,0.6311164050037804
2019-06-11,0,1,0,0.6658519376402952
2019-06-12,0,1,0,0.6590187362678095
2019-06-13,0,1,0,0.6757618630509836
2019-06-14,1,1,0,0.6378857995980844
2019-06-17,1,1,0,0.6543939082616873
2019-06-18,0,1,0,0.646874089275582
2019-06-19,1,1,0,0.7294921745718773
2019-06-20,0,1,0,0.7238980157366167
2019-06-21,0,1,0,0.7040814428734389
2019-06-24,0,1,0,0.705223469941192
2019-06-25,1,1,0,0.7348523976752609
2019-06-26,0,1,0,0.6686377097201929
2019-06-27,0,1,0,0.7176871684405501
2019-06-28,1,1,0,0.7108021591396204
2019-07-01,1,1,0,0.7405306956518528
2019-07-02,1,1,0,0.6988127567762855
2019-07-03,0,1,0,0.7102386158094456
2019-07-05,0,1,0,0.7116378304880915
2019-07-08,1,1,0,0.7185003268312192
2019-07-09,1,1,0,0.6757306906618322
2019-07-10,0,1,0,0.7001338438572027
2019-07-11,1,1,0,0.7415750373005383
2019-07-12,1,1,0,0.7109879786983541
2019-07-15,0,1,0,0.7155822399545699
2019-07-16,0,1,0,0.7314834870999707
2019-07-17,1,1,0,0.7388042210143565
2019-07-18,0,1,0,0.7076023075492538
2019-07-19,1,1,0,0.768905251334581
2019-07-22,1,1,0,0.6760198168269401
2019-07-23,0,1,0,0.7434940002245334
2019-07-24,0,1,0,0.7293436626402395
2019-07-25,1,1,0,0.7668750054364869
2019-07-26,1,1,0,0.7353620723953342
2019-07-29,0,1,0,0.7272200668903086
2019-07-30,1,1,0,0.7396361232753575
2019-07-31,0,1,0,0.7937109142921329
2019-08-01,0,1,0,0.8005620067903659
2019-08-02,0,1,0,0.7344015987992751
2019-08-05,1,1,0,0.7319011047462647
2019-08-06,1,1,0,0.6589938612384796
2019-08-07,1,1,0,0.6003528951401688
2019-08-08,0,1,0,0.6332898497005562
2019-08-09,0,1,0,0.6851743277561785
2019-08-12,1,1,0,0.658874368648763
2019-08-13,0,1,0,0.5293975074951818
2019-08-14,0,1,0,0.6804416094271546
2019-08-15,1,1,0,0.6955197357497493
2019-08-16,1,1,0,0.6489832393198883
2019-08-19,1,1,0,0.7163222587477109
2019-08-20,1,1,0,0.7189818602247298
2019-08-21,0,1,0,0.7302635439973075
2019-08-22,0,1,0,0.7312139976214431
2019-08-23,1,1,0,0.7689129012262185
2019-08-26,0,1,0,0.6854756214971793
2019-08-27,1,1,0,0.7403910278266642
2019-08-28,1,1,0,0.6624404175695845
2019-08-29,0,1,0,0.6965081774051353
2019-08-30,0,1,0,0.7265266095577325
2019-09-03,1,1,0,0.6995257460347029
2019-09-04,1,1,0,0.6902752542301691
2019-09-05,0,1,0,0.6971223361862382
2019-09-06,1,1,0,0.7319638657022446
2019-09-09,1,1,0,0.7255930789296925
2019-09-10,1,1,0,0.6741777120166973
2019-09-11,0,1,0,0.6560750226255695
2019-09-12,0,1,0,0.7830982529629548
2019-09-13,1,1,0,0.7575208135187693
2019-09-16,1,1,0,0.7097567035958997
2019-09-17,1,1,0,0.7404248514235175
2019-09-18,0,1,0,0.7287509454255415
2019-09-19,0,1,0,0.7647645560971253
2019-09-20,1,1,0,0.7858390908638893
2019-09-23,0,1,0,0.7461407066426045
2019-09-24,1,1,0,0.7811659981701013
2019-09-25,0,1,0,0.6999689969868265
2019-09-26,0,1,0,0.7407852299143871
2019-09-27,1,1,0,0.7572857608939285
2019-09-30,1,1,0,0.6971316264109545
2019-10-01,0,1,0,0.75615191212984
2019-10-02,1,1,0,0.7825509221067332
2019-10-03,1,1,0,0.6827559249737912
2019-10-04,1,1,0,0.7341015178101257
2019-10-07,0,1,0,0.740111093365562
2019-10-08,1,1,0,0.7642167651530273
2019-10-09,1,1,0,0.75768463430074
2019-10-10,1,1,0,0.7323019180247691
2019-10-11,0,1,0,0.7352205138581062
2019-10-14,0,1,0,0.772051960300977
2019-10-15,0,1,0,0.7987853440415573
2019-10-16,1,1,0,0.7654132863668326
2019-10-17,1,1,0,0.7796468423102672
2019-10-18,1,1,0,0.7552504670186412
2019-10-21,0,1,0,0.7512515381461111
2019-10-22,1,1,0,0.8110126137372342
2019-10-23,1,1,0,0.7916854017376532
2019-10-24,1,1,0,0.8160043501199229
2019-10-25,1,1,0,0.7601830604577509
2019-10-28,0,1,0,0.7967869750836405
2019-10-29,0,1,0,0.856682877794977
2019-10-30,1,1,0,0.8120200325842262
2019-10-31,1,1,0,0.7724683050178841
2019-11-01,1,1,0,0.7343120002961436
2019-11-04,0,1,0,0.8334557560461772
2019-11-05,1,1,0,0.8320721672758371
2019-11-06,1,1,0,0.8246177565429922
2019-11-07,1,1,0,0.8264016998662826
2019-11-08,1,1,0,0.8144223386822396
2019-11-11,0,1,0,0.7836699260185593
2019-11-12,1,1,0,0.8312089148557855
2019-11-13,0,1,0,0.7964681873333544
2019-11-14,1,1,0,0.8452852391446605
2019-11-15,1,1,0,0.8136224190146328
2019-11-18,0,1,0,0.824600881431305
2019-11-19,0,1,0,0.8539459742896485
2019-11-20,0,1,0,0.8456404234505238
2019-11-21,0,1,0,0.8364584694938244
2019-11-22,1,1,0,0.8234535033874788
2019-11-25,0,1,0,0.7717002142130694
2019-11-26,1,1,0,0.8430236067241654
2019-11-27,0,1,0,0.7929985487993102
2019-11-29,0,1,0,0.8101272133849232
2019-12-02,0,1,0,0.8385369097643782
2019-12-03,1,1,0,0.7630180805932342
2019-12-04,1,1,0,0.7782499764471925
2019-12-05,1,1,0,0.7716680126530268
2019-12-06,0,1,0,0.7649577061020498
2019-12-09,1,1,0,0.8302582639524253
2019-12-10,1,1,0,0.7985087903250728
2019-12-11,1,1,0,0.7775659305349832
2019-12-12,1,1,0,0.7429505396699432
2019-12-13,1,1,0,0.7575158416449709
2019-12-16,1,1,0,0.7871248840322638
2019-12-17,0,1,0,0.8165529324036136
2019-12-18,1,1,0,0.824272392089643
2019-12-19,0,1,0,0.817231838574611
2019-12-20,1,1,0,0.8489045849670074
2019-12-23,1,1,0,0.7845790354446288
2019-12-24,1,1,0,0.8377086300226113
2019-12-26,0,1,0,0.7745794699198445
2019-12-27,1,1,0,0.8533317568365058
2019-12-30,1,1,0,0.8144190778499512
2019-12-31,1,1,0,0.8026615614719917
2020-01-02,0,1,0,0.8152605539647418
2020-01-03,1,1,0,0.8501377267766376
2020-01-06,0,1,0,0.7765232567401964
2020-01-07,1,1,0,0.8683585501339548
2020-01-08,1,1,0,0.7838061127402886
2020-01-09,1,1,0,0.8537991059294787
2020-01-10,1,1,0,0.8788152533020598
2020-01-13,0,1,0,0.8332525424390612
2020-01-14,0,1,0,0.90842196832581
2020-01-15,1,1,0,0.8748348833460943
2020-01-16,1,1,0,0.8645283901263445
2020-01-17,0,1,0,0.8626430562590529
2020-01-21,1,1,0,0.8848714363154917
2020-01-22,1,1,0,0.8885702009218248
2020-01-23,0,1,0,0.8680763106942994
2020-01-24,0,1,0,0.8903944016488036
2020-01-27,1,1,0,0.853932622900487
2020-01-28,1,1,0,0.8049318944927903
2020-01-29,0,1,0,0.8784422918814865
2020-01-30,0,1,0,0.8393920019587278
2020-01-31,0,1,0,0.9214463921907554
2020-02-03,1,1,0,0.7504970593539116
2020-02-04,1,1,0,0.8086834814450966
2020-02-05,1,1,0,0.8752944781960758
2020-02-06,0,1,0,0.8327562431392566
2020-02-07,1,1,0,0.8680642027669485
2020-02-10,0,1,0,0.7392897892252952
2020-02-11,1,1,0,0.87990995535059
2020-02-12,0,1,0,0.784065500359434
2020-02-13,1,1,0,0.8418877624824588
2020-02-14,0,1,0,0.8457882316021909
2020-02-18,1,1,0,0.7728638472567116
2020-02-19,0,1,0,0.7904434200257109
2020-02-20,0,1,0,0.8476032219799958
2020-02-21,0,1,0,0.8541566451178112
2020-02-24,0,1,0,0.6863301543806126
2020-02-25,1,1,0,0.8478756675974601
2020-02-26,0,1,0,0.5563672598895611
2020-02-27,0,1,0,0.7127908906982765
2020-02-28,1,0,0,0.22195848840876803
2020-03-02,0,0,0,0.3173855883633239
2020-03-03,1,1,0,0.8449695696832846
2020-03-04,0,1,0,0.5730566809215968
2020-03-05,0,1,0,0.6954305282821389
2020-03-06,0,0,0,0.47115999094078526
2020-03-09,1,0,0,0.4232605256252756
2020-03-10,0,0,0,0.411364170890901
2020-03-11,0,1,0,0.5894005735588463
2020-03-12,1,1,0,0.5277268820176803
2020-03-13,0,0,0,0.2664147928069554
2020-03-16,1,0,0,0.33433623413424207
2020-03-17,0,0,0,0.30332112707082354
2020-03-18,0,0,0,0.25823445164297026
2020-03-19,0,0,0,0.44231608143443624
2020-03-20,0,1,0,0.6402435756301728
2020-03-23,1,0,0,0.3481270394605542
2020-03-24,0,0,0,0.213030099332945
2020-03-25,1,0,0,0.4990675338571758
2020-03-26,0,0,0,0.24350992998148896
2020-03-27,1,1,0,0.5286533714766037
2020-03-30,0,0,0,0.3998012050133655
2020-03-31,0,1,0,0.5057164199566878
